"week","age_group_small","pct_cases","pct_deaths","pct_cases_raw","pct_deaths_raw","cases_update_date"
2020-03-15,"10-14 Years",0.0119546585135983,0.000678206578005776,0.0125546092405454,0.00087719298245614,2020-07-12
2020-03-22,"10-14 Years",0.0100715352437141,0.000375435237249959,0.00916720119734873,0.000158730158730159,2020-07-12
2020-03-29,"10-14 Years",0.00954410242067559,0.000162619870947998,0.0091712969237024,0,2020-07-12
2020-04-05,"10-14 Years",0.0103604014312828,4.25348907771722e-05,0.0106425973326148,6.19847517510692e-05,2020-07-12
2020-04-12,"10-14 Years",0.0126171095489955,-5.30825123744237e-06,0.012967527964129,0,2020-07-12
2020-04-19,"10-14 Years",0.0157962593227418,5.73397216137433e-05,0.0152431689293693,3.25309043591412e-05,2020-07-12
2020-04-26,"10-14 Years",0.0200841812646011,9.38831520564142e-05,0.019739936367409,0.000114503816793893,2020-07-12
2020-05-03,"10-14 Years",0.024555122970878,0.000120171767731838,0.0253171834872935,0.000134916351861846,2020-07-12
2020-05-10,"10-14 Years",0.0282709949141337,9.82585264812601e-05,0.0286475504101817,0.000164473684210526,2020-07-12
2020-05-17,"10-14 Years",0.0312336510870109,6.40764096694676e-05,0.0306222264637114,0,2020-07-12
2020-05-24,"10-14 Years",0.0347826313065138,2.96590777955675e-05,0.0344219943546972,0,2020-07-12
2020-05-31,"10-14 Years",0.0385461547184883,1.46303478614434e-05,0.0384368138932294,0,2020-07-12
2020-06-07,"10-14 Years",0.0410961530229621,1.66512108503058e-05,0.0429567161330777,0.000120540019286403,2020-07-12
2020-06-14,"10-14 Years",0.0432116398171158,5.39735731478229e-05,0.041175547247353,0,2020-07-12
2020-06-21,"10-14 Years",0.0439795922042088,9.92487793413244e-05,0.0440931780366057,0,2020-07-12
2020-06-28,"10-14 Years",0.0446656016249204,0.000143620479682778,0.0472504426270972,0.000233644859813084,2020-07-12
2020-07-05,"10-14 Years",0.04538403856567,0.000192454225156489,0.0408307988966359,0.000282273240496801,2020-07-12
2020-07-12,"10-14 Years",0.0460133773165151,0.000210843632724577,0.047957384780933,7.83576241968344e-05,2020-07-12
2020-07-19,"10-14 Years",0.0460133773165151,0.000200891294913033,NA,0.000220783043862231,2020-07-12
2020-07-26,"10-14 Years",0.0460133773165151,0.000155942078460995,NA,0.000265158211065936,2020-07-12
2020-08-02,"10-14 Years",0.0460133773165151,8.33004636868332e-05,NA,0,2020-07-12
2020-08-09,"10-14 Years",0.0460133773165151,-1.75810656953151e-05,NA,0,2020-07-12
2020-03-15,"15-19 Years",0.0119546585135983,0.000937359855206886,0.0125546092405454,0.00087719298245614,2020-07-12
2020-03-22,"15-19 Years",0.0100715352437141,0.000835450547290767,0.00916720119734873,0.000952380952380952,2020-07-12
2020-03-29,"15-19 Years",0.00954410242067559,0.000752064388533192,0.0091712969237024,0.000701192026444956,2020-07-12
2020-04-05,"15-19 Years",0.0103604014312828,0.000686302173255581,0.0106425973326148,0.000743817021012831,2020-07-12
2020-04-12,"15-19 Years",0.0126171095489955,0.00063810224630331,0.012967527964129,0.000499236461881828,2020-07-12
2020-04-19,"15-19 Years",0.0157962593227418,0.000615029597943488,0.0152431689293693,0.000715679895901106,2020-07-12
2020-04-26,"15-19 Years",0.0200841812646011,0.000601390334068435,0.019739936367409,0.00049618320610687,2020-07-12
2020-05-03,"15-19 Years",0.024555122970878,0.000597876491244108,0.0253171834872935,0.000764525993883792,2020-07-12
2020-05-10,"15-19 Years",0.0282709949141337,0.000596535603450066,0.0286475504101817,0.000603070175438597,2020-07-12
2020-05-17,"15-19 Years",0.0312336510870109,0.000593267609386578,0.0306222264637114,0.000351518560179977,2020-07-12
2020-05-24,"15-19 Years",0.0347826313065138,0.000623598739791409,0.0344219943546972,0.000906992084432718,2020-07-12
2020-05-31,"15-19 Years",0.0385461547184883,0.00073705567518948,0.0384368138932294,0.000607410406964973,2020-07-12
2020-06-07,"15-19 Years",0.0410961530229621,0.000911610913971095,0.0429567161330777,0.000843780135004822,2020-07-12
2020-06-14,"15-19 Years",0.0432116398171158,0.00118701043500247,0.041175547247353,0.00120320855614973,2020-07-12
2020-06-21,"15-19 Years",0.0439795922042088,0.00148967434798075,0.0440931780366057,0.00135722041259501,2020-07-12
2020-06-28,"15-19 Years",0.0446656016249204,0.00173136464392184,0.0472504426270972,0.00198598130841121,2020-07-12
2020-07-05,"15-19 Years",0.04538403856567,0.0017864376939341,0.0408307988966359,0.00178773052314641,2020-07-12
2020-07-12,"15-19 Years",0.0460133773165151,0.00162531203308604,0.047957384780933,0.00148879485973985,2020-07-12
2020-07-19,"15-19 Years",0.0460133773165151,0.00141091172221438,NA,0.0016190756549897,2020-07-12
2020-07-26,"15-19 Years",0.0460133773165151,0.00123225289255759,NA,0.000618702492487184,2020-07-12
2020-08-02,"15-19 Years",0.0460133773165151,0.00104302633681737,NA,0.000946670874092774,2020-07-12
2020-08-09,"15-19 Years",0.0460133773165151,0.000837422530474017,NA,0.0010989010989011,2020-07-12
2020-03-15,"20-24 Years",0.073064412703891,0.000937359855206886,0.0743568245002427,0.00087719298245614,2020-07-12
2020-03-22,"20-24 Years",0.0637232095431979,0.000835450547290767,0.0619574513577079,0.000952380952380952,2020-07-12
2020-03-29,"20-24 Years",0.0582487115464028,0.000752064388533192,0.0572469169264128,0.000701192026444956,2020-07-12
2020-04-05,"20-24 Years",0.0565860243665892,0.000686302173255581,0.0567917576978721,0.000743817021012831,2020-07-12
2020-04-12,"20-24 Years",0.0590963105162679,0.00063810224630331,0.0583281261801927,0.000499236461881828,2020-07-12
2020-04-19,"20-24 Years",0.0642573498297021,0.000615029597943488,0.0645242596093258,0.000715679895901106,2020-07-12
2020-04-26,"20-24 Years",0.0708101002193396,0.000601390334068435,0.0709710886706322,0.00049618320610687,2020-07-12
2020-05-03,"20-24 Years",0.0767808320871876,0.000597876491244108,0.0768063168385143,0.000764525993883792,2020-07-12
2020-05-10,"20-24 Years",0.0807796855876736,0.000596535603450066,0.0819941731196811,0.000603070175438597,2020-07-12
2020-05-17,"20-24 Years",0.0836834791331433,0.000593267609386578,0.0831703010927137,0.000351518560179977,2020-07-12
2020-05-24,"20-24 Years",0.0878100792458716,0.000623598739791409,0.086688886408216,0.000906992084432718,2020-07-12
2020-05-31,"20-24 Years",0.093428309127716,0.00073705567518948,0.0932956860573214,0.000607410406964973,2020-07-12
2020-06-07,"20-24 Years",0.0994035265571541,0.000911610913971095,0.102357303186994,0.000843780135004822,2020-07-12
2020-06-14,"20-24 Years",0.10835130953996,0.00118701043500247,0.104030508861554,0.00120320855614973,2020-07-12
2020-06-21,"20-24 Years",0.116497104602238,0.00148967434798075,0.115584346374074,0.00135722041259501,2020-07-12
2020-06-28,"20-24 Years",0.119767618078772,0.00173136464392184,0.131202048731136,0.00198598130841121,2020-07-12
2020-07-05,"20-24 Years",0.119821839189334,0.0017864376939341,0.114840693436771,0.00178773052314641,2020-07-12
2020-07-12,"20-24 Years",0.116061328736552,0.00162531203308604,0.115955522654598,0.00148879485973985,2020-07-12
2020-07-19,"20-24 Years",0.116061328736552,0.00141091172221438,NA,0.0016190756549897,2020-07-12
2020-07-26,"20-24 Years",0.116061328736552,0.00123225289255759,NA,0.000618702492487184,2020-07-12
2020-08-02,"20-24 Years",0.116061328736552,0.00104302633681737,NA,0.000946670874092774,2020-07-12
2020-08-09,"20-24 Years",0.116061328736552,0.000837422530474017,NA,0.0010989010989011,2020-07-12
2020-03-15,"25-29 Years",0.073064412703891,0.00548106021659679,0.0743568245002427,0.0043859649122807,2020-07-12
2020-03-22,"25-29 Years",0.0637232095431979,0.00502102042465852,0.0619574513577079,0.00619047619047619,2020-07-12
2020-03-29,"25-29 Years",0.0582487115464028,0.00450968901580973,0.0572469169264128,0.00565962135630572,2020-07-12
2020-04-05,"25-29 Years",0.0565860243665892,0.00393180522024014,0.0567917576978721,0.00334717659455774,2020-07-12
2020-04-12,"25-29 Years",0.0590963105162679,0.00337869543764383,0.0583281261801927,0.00352402208387173,2020-07-12
2020-04-19,"25-29 Years",0.0642573498297021,0.00268704934292769,0.0645242596093258,0.00230969420949902,2020-07-12
2020-04-26,"25-29 Years",0.0708101002193396,0.00266411114727769,0.0709710886706322,0.00297709923664122,2020-07-12
2020-05-03,"25-29 Years",0.0767808320871876,0.00285756562121323,0.0768063168385143,0.00256341068537507,2020-07-12
2020-05-10,"25-29 Years",0.0807796855876736,0.00304356426227939,0.0819941731196811,0.00301535087719298,2020-07-12
2020-05-17,"25-29 Years",0.0836834791331433,0.00342273923203768,0.0831703010927137,0.00414791901012373,2020-07-12
2020-05-24,"25-29 Years",0.0878100792458716,0.00387054914811071,0.086688886408216,0.00288588390501319,2020-07-12
2020-05-31,"25-29 Years",0.093428309127716,0.00419499358128946,0.0932956860573214,0.00404940271309982,2020-07-12
2020-06-07,"25-29 Years",0.0994035265571541,0.00451233431434828,0.102357303186994,0.00590646094503375,2020-07-12
2020-06-14,"25-29 Years",0.10835130953996,0.00495518227216214,0.104030508861554,0.00441176470588235,2020-07-12
2020-06-21,"25-29 Years",0.116497104602238,0.0054390715526011,0.115584346374074,0.00420738327904452,2020-07-12
2020-06-28,"25-29 Years",0.119767618078772,0.00576841423882545,0.131202048731136,0.0066588785046729,2020-07-12
2020-07-05,"25-29 Years",0.119821839189334,0.00599717705427659,0.114840693436771,0.00611592021076402,2020-07-12
2020-07-12,"25-29 Years",0.116061328736552,0.00548908374131489,0.115955522654598,0.00587682181476258,2020-07-12
2020-07-19,"25-29 Years",0.116061328736552,0.00472556010524706,NA,0.00456284957315278,2020-07-12
2020-07-26,"25-29 Years",0.116061328736552,0.00386934128630889,NA,0.00256319604030405,2020-07-12
2020-08-02,"25-29 Years",0.116061328736552,0.00283159831280614,NA,0.00268223414326286,2020-07-12
2020-08-09,"25-29 Years",0.116061328736552,0.00160786859353059,NA,0.0021978021978022,2020-07-12
2020-03-15,"30-34 Years",0.0947552483295988,0.00548106021659679,0.0943691805304267,0.0043859649122807,2020-07-12
2020-03-22,"30-34 Years",0.0857747410484742,0.00502102042465852,0.0864496472097498,0.00619047619047619,2020-07-12
2020-03-29,"30-34 Years",0.0794250174793035,0.00450968901580973,0.0796144464019515,0.00565962135630572,2020-07-12
2020-04-05,"30-34 Years",0.0756956958571897,0.00393180522024014,0.0751571203486227,0.00334717659455774,2020-07-12
2020-04-12,"30-34 Years",0.0746057217302746,0.00337869543764383,0.0735787905213791,0.00352402208387173,2020-07-12
2020-04-19,"30-34 Years",0.0767687384444277,0.00268704934292769,0.0775276393423841,0.00230969420949902,2020-07-12
2020-04-26,"30-34 Years",0.0803925383022734,0.00266411114727769,0.0801874394798727,0.00297709923664122,2020-07-12
2020-05-03,"30-34 Years",0.0834535096937773,0.00285756562121323,0.0839395913986738,0.00256341068537507,2020-07-12
2020-05-10,"30-34 Years",0.0852597399338229,0.00304356426227939,0.0855516368933528,0.00301535087719298,2020-07-12
2020-05-17,"30-34 Years",0.0865493742796833,0.00342273923203768,0.0861724801577834,0.00414791901012373,2020-07-12
2020-05-24,"30-34 Years",0.0881764089058095,0.00387054914811071,0.0874942191461878,0.00288588390501319,2020-07-12
2020-05-31,"30-34 Years",0.0896111536193091,0.00419499358128946,0.0901259964001029,0.00404940271309982,2020-07-12
2020-06-07,"30-34 Years",0.0896873926359482,0.00451233431434828,0.0910342508701302,0.00590646094503375,2020-07-12
2020-06-14,"30-34 Years",0.0891590144769812,0.00495518227216214,0.0877700562230657,0.00441176470588235,2020-07-12
2020-06-21,"30-34 Years",0.0895949513035006,0.0054390715526011,0.0884794618696005,0.00420738327904452,2020-07-12
2020-06-28,"30-34 Years",0.0897503452957429,0.00576841423882545,0.0913682446673973,0.0066588785046729,2020-07-12
2020-07-05,"30-34 Years",0.0898312200308938,0.00599717705427659,0.090699951234584,0.00611592021076402,2020-07-12
2020-07-12,"30-34 Years",0.0897848460059524,0.00548908374131489,0.0889508749704273,0.00587682181476258,2020-07-12
2020-07-19,"30-34 Years",0.0897848460059524,0.00472556010524706,NA,0.00456284957315278,2020-07-12
2020-07-26,"30-34 Years",0.0897848460059524,0.00386934128630889,NA,0.00256319604030405,2020-07-12
2020-08-02,"30-34 Years",0.0897848460059524,0.00283159831280614,NA,0.00268223414326286,2020-07-12
2020-08-09,"30-34 Years",0.0897848460059524,0.00160786859353059,NA,0.0021978021978022,2020-07-12
2020-03-15,"35-39 Years",0.0947552483295988,0.0183833984916655,0.0943691805304267,0.0166666666666667,2020-07-12
2020-03-22,"35-39 Years",0.0857747410484742,0.0152306791753039,0.0864496472097498,0.0177777777777778,2020-07-12
2020-03-29,"35-39 Years",0.0794250174793035,0.0125448536444787,0.0796144464019515,0.013172393068216,2020-07-12
2020-04-05,"35-39 Years",0.0756956958571897,0.0102891164042357,0.0751571203486227,0.00942168226616252,2020-07-12
2020-04-12,"35-39 Years",0.0746057217302746,0.00854022317819817,0.0735787905213791,0.00828145189709856,2020-07-12
2020-04-19,"35-39 Years",0.0767687384444277,0.00728163675522663,0.0775276393423841,0.00670136629798308,2020-07-12
2020-04-26,"35-39 Years",0.0803925383022734,0.00710387719080039,0.0801874394798727,0.00774809160305343,2020-07-12
2020-05-03,"35-39 Years",0.0834535096937773,0.00734823553205834,0.0839395913986738,0.00760028782155064,2020-07-12
2020-05-10,"35-39 Years",0.0852597399338229,0.00748517072505771,0.0855516368933528,0.00778508771929825,2020-07-12
2020-05-17,"35-39 Years",0.0865493742796833,0.00798416653326346,0.0861724801577834,0.00738188976377953,2020-07-12
2020-05-24,"35-39 Years",0.0881764089058095,0.00876757921828007,0.0874942191461878,0.00824538258575198,2020-07-12
2020-05-31,"35-39 Years",0.0896111536193091,0.00996108858134377,0.0901259964001029,0.0103259769184045,2020-07-12
2020-06-07,"35-39 Years",0.0896873926359482,0.0112748202570697,0.0910342508701302,0.0116923818707811,2020-07-12
2020-06-14,"35-39 Years",0.0891590144769812,0.0126008887078135,0.0877700562230657,0.0133689839572193,2020-07-12
2020-06-21,"35-39 Years",0.0895949513035006,0.0137952222775982,0.0884794618696005,0.011400651465798,2020-07-12
2020-06-28,"35-39 Years",0.0897503452957429,0.0145881299079501,0.0913682446673973,0.0158878504672897,2020-07-12
2020-07-05,"35-39 Years",0.0898312200308938,0.0148007984715834,0.090699951234584,0.0161836657884833,2020-07-12
2020-07-12,"35-39 Years",0.0897848460059524,0.0142791540032299,0.0889508749704273,0.0130073656166745,2020-07-12
2020-07-19,"35-39 Years",0.0897848460059524,0.0130389597852248,NA,0.0128054165440094,2020-07-12
2020-07-26,"35-39 Years",0.0897848460059524,0.0109977485350701,NA,0.0113134170054799,2020-07-12
2020-08-02,"35-39 Years",0.0897848460059524,0.00821819993587609,NA,0.00867781634585043,2020-07-12
2020-08-09,"35-39 Years",0.0897848460059524,0.00470249045493791,NA,0.0043956043956044,2020-07-12
2020-03-15,"40-44 Years",0.0897533373953138,0.0183833984916655,0.0893164467587485,0.0166666666666667,2020-07-12
2020-03-22,"40-44 Years",0.0871073936281101,0.0152306791753039,0.0872888603805859,0.0177777777777778,2020-07-12
2020-03-29,"40-44 Years",0.0849355303000318,0.0125448536444787,0.0864141482585716,0.013172393068216,2020-07-12
2020-04-05,"40-44 Years",0.0832898737124282,0.0102891164042357,0.0826221672943671,0.00942168226616252,2020-07-12
2020-04-12,"40-44 Years",0.0819897551164672,0.00854022317819817,0.080476265681542,0.00828145189709856,2020-07-12
2020-04-19,"40-44 Years",0.0818070280937051,0.00728163675522663,0.0834708140001146,0.00670136629798308,2020-07-12
2020-04-26,"40-44 Years",0.0822008851886294,0.00710387719080039,0.0818301286484991,0.00774809160305343,2020-07-12
2020-05-03,"40-44 Years",0.0819415692715333,0.00734823553205834,0.0815056153934609,0.00760028782155064,2020-07-12
2020-05-10,"40-44 Years",0.0813413450134236,0.00748517072505771,0.0821436786015487,0.00778508771929825,2020-07-12
2020-05-17,"40-44 Years",0.0811908084224255,0.00798416653326346,0.08053395047001,0.00738188976377953,2020-07-12
2020-05-24,"40-44 Years",0.081255923642323,0.00876757921828007,0.0810595308338782,0.00824538258575198,2020-07-12
2020-05-31,"40-44 Years",0.0812801539164175,0.00996108858134377,0.081492177146587,0.0103259769184045,2020-07-12
2020-06-07,"40-44 Years",0.0802572856318269,0.0112748202570697,0.0809607328177679,0.0116923818707811,2020-07-12
2020-06-14,"40-44 Years",0.077664614857159,0.0126008887078135,0.0777526470504295,0.0133689839572193,2020-07-12
2020-06-21,"40-44 Years",0.0759486555222682,0.0137952222775982,0.0749492246019386,0.011400651465798,2020-07-12
2020-06-28,"40-44 Years",0.0755816454378509,0.0145881299079501,0.0738344153106821,0.0158878504672897,2020-07-12
2020-07-05,"40-44 Years",0.0762348510422312,0.0148007984715834,0.0778515670077764,0.0161836657884833,2020-07-12
2020-07-12,"40-44 Years",0.0780425343077088,0.0142791540032299,0.07766745781597,0.0130073656166745,2020-07-12
2020-07-19,"40-44 Years",0.0780425343077088,0.0130389597852248,NA,0.0128054165440094,2020-07-12
2020-07-26,"40-44 Years",0.0780425343077088,0.0109977485350701,NA,0.0113134170054799,2020-07-12
2020-08-02,"40-44 Years",0.0780425343077088,0.00821819993587609,NA,0.00867781634585043,2020-07-12
2020-08-09,"40-44 Years",0.0780425343077088,0.00470249045493791,NA,0.0043956043956044,2020-07-12
2020-03-15,"45-49 Years",0.0897533373953138,0.0400304213640411,0.0893164467587485,0.0368421052631579,2020-07-12
2020-03-22,"45-49 Years",0.0871073936281101,0.0355136962522486,0.0872888603805859,0.039047619047619,2020-07-12
2020-03-29,"45-49 Years",0.0849355303000318,0.0313674770432506,0.0864141482585716,0.034458579585295,2020-07-12
2020-04-05,"45-49 Years",0.0832898737124282,0.0275433312286055,0.0826221672943671,0.0262815347424534,2020-07-12
2020-04-12,"45-49 Years",0.0819897551164672,0.0242957838124125,0.080476265681542,0.0232291789028545,2020-07-12
2020-04-19,"45-49 Years",0.0818070280937051,0.0211859905200772,0.0834708140001146,0.0223162003903709,2020-07-12
2020-04-26,"45-49 Years",0.0822008851886294,0.0203694049623122,0.0818301286484991,0.0196564885496183,2020-07-12
2020-05-03,"45-49 Years",0.0819415692715333,0.0206393602073444,0.0815056153934609,0.0202824248965641,2020-07-12
2020-05-10,"45-49 Years",0.0813413450134236,0.0215329256828398,0.0821436786015487,0.0226973684210526,2020-07-12
2020-05-17,"45-49 Years",0.0811908084224255,0.0234565790128331,0.08053395047001,0.0228487064116985,2020-07-12
2020-05-24,"45-49 Years",0.081255923642323,0.0257621485778613,0.0810595308338782,0.0248186015831135,2020-07-12
2020-05-31,"45-49 Years",0.0812801539164175,0.0280304680752837,0.081492177146587,0.0293581696699737,2020-07-12
2020-06-07,"45-49 Years",0.0802572856318269,0.0302144411517288,0.0809607328177679,0.0302555448408872,2020-07-12
2020-06-14,"45-49 Years",0.077664614857159,0.032154027989976,0.0777526470504295,0.0306149732620321,2020-07-12
2020-06-21,"45-49 Years",0.0759486555222682,0.0329530635677145,0.0749492246019386,0.0340662323561346,2020-07-12
2020-06-28,"45-49 Years",0.0755816454378509,0.0330648378392321,0.0738344153106821,0.0342289719626168,2020-07-12
2020-07-05,"45-49 Years",0.0762348510422312,0.0324903271170576,0.0778515670077764,0.0313323296951449,2020-07-12
2020-07-12,"45-49 Years",0.0780425343077088,0.0311127700031522,0.07766745781597,0.0305594734367654,2020-07-12
2020-07-19,"45-49 Years",0.0780425343077088,0.0294662725908474,NA,0.0299528996173094,2020-07-12
2020-07-26,"45-49 Years",0.0780425343077088,0.0279385575354299,NA,0.0275764539508573,2020-07-12
2020-08-02,"45-49 Years",0.0780425343077088,0.0263760494669143,NA,0.0239823288103503,2020-07-12
2020-08-09,"45-49 Years",0.0780425343077088,0.024731913422493,NA,0.0263736263736264,2020-07-12
2020-03-15,"5-9 Years",0.00385663399556323,0.000678206578005776,0.00382816292308371,0.00087719298245614,2020-07-12
2020-03-22,"5-9 Years",0.00353411816618422,0.000375435237249959,0.0034851400470387,0.000158730158730159,2020-07-12
2020-03-29,"5-9 Years",0.00354855056685918,0.000162619870947998,0.00367936034693048,0,2020-07-12
2020-04-05,"5-9 Years",0.00391614069289715,4.25348907771722e-05,0.00414399428333792,6.19847517510692e-05,2020-07-12
2020-04-12,"5-9 Years",0.00459419104584283,-5.30825123744237e-06,0.00461777207089053,0,2020-07-12
2020-04-19,"5-9 Years",0.00575489546657008,5.73397216137433e-05,0.00545912814343816,3.25309043591412e-05,2020-07-12
2020-04-26,"5-9 Years",0.00766869121397636,9.38831520564142e-05,0.00770161848111772,0.000114503816793893,2020-07-12
2020-05-03,"5-9 Years",0.0100658715767561,0.000120171767731838,0.010107708229522,0.000134916351861846,2020-07-12
2020-05-10,"5-9 Years",0.0124248741450712,9.82585264812601e-05,0.0126504638503412,0.000164473684210526,2020-07-12
2020-05-17,"5-9 Years",0.0146393740701368,6.40764096694676e-05,0.0144541998695742,0,2020-07-12
2020-05-24,"5-9 Years",0.0169611528785425,2.96590777955675e-05,0.016720621302247,0,2020-07-12
2020-05-31,"5-9 Years",0.0189421935668263,1.46303478614434e-05,0.0190131930296497,0,2020-07-12
2020-06-07,"5-9 Years",0.0198900976865523,1.66512108503058e-05,0.0206559373324488,0.000120540019286403,2020-07-12
2020-06-14,"5-9 Years",0.0198222954480319,5.39735731478229e-05,0.0192606809555067,0,2020-07-12
2020-06-21,"5-9 Years",0.0193526242982329,9.92487793413244e-05,0.0190844440760062,0,2020-07-12
2020-06-28,"5-9 Years",0.0188923747734308,0.000143620479682778,0.0188906921844701,0.000233644859813084,2020-07-12
2020-07-05,"5-9 Years",0.0183614272265533,0.000192454225156489,0.0179668916328225,0.000282273240496801,2020-07-12
2020-07-12,"5-9 Years",0.0177757706259279,0.000210843632724577,0.0180336251173369,7.83576241968344e-05,2020-07-12
2020-07-19,"5-9 Years",0.0177757706259279,0.000200891294913033,NA,0.000220783043862231,2020-07-12
2020-07-26,"5-9 Years",0.0177757706259279,0.000155942078460995,NA,0.000265158211065936,2020-07-12
2020-08-02,"5-9 Years",0.0177757706259279,8.33004636868332e-05,NA,0,2020-07-12
2020-08-09,"5-9 Years",0.0177757706259279,-1.75810656953151e-05,NA,0,2020-07-12
2020-03-15,"50-54 Years",0.0928468804290113,0.0400304213640411,0.0914897842107586,0.0368421052631579,2020-07-12
2020-03-22,"50-54 Years",0.0975328411211167,0.0355136962522486,0.0989897370109044,0.039047619047619,2020-07-12
2020-03-29,"50-54 Years",0.0994945533482545,0.0313674770432506,0.10141279306139,0.034458579585295,2020-07-12
2020-04-05,"50-54 Years",0.0988352805036891,0.0275433312286055,0.0986387784149149,0.0262815347424534,2020-07-12
2020-04-12,"50-54 Years",0.0950807814045037,0.0242957838124125,0.0949372738321672,0.0232291789028545,2020-07-12
2020-04-19,"50-54 Years",0.0901718555060007,0.0211859905200772,0.0903734891447557,0.0223162003903709,2020-07-12
2020-04-26,"50-54 Years",0.0853369786527862,0.0203694049623122,0.085229630654309,0.0196564885496183,2020-07-12
2020-05-03,"50-54 Years",0.0813665476663838,0.0206393602073444,0.0808999961669669,0.0202824248965641,2020-07-12
2020-05-10,"50-54 Years",0.0787765681682108,0.0215329256828398,0.0786015487234532,0.0226973684210526,2020-07-12
2020-05-17,"50-54 Years",0.0767464963301139,0.0234565790128331,0.0771579901703488,0.0228487064116985,2020-07-12
2020-05-24,"50-54 Years",0.0743469385621148,0.0257621485778613,0.0749318257929737,0.0248186015831135,2020-07-12
2020-05-31,"50-54 Years",0.0719650136727016,0.0280304680752837,0.0711128033704532,0.0293581696699737,2020-07-12
2020-06-07,"50-54 Years",0.0700561489211547,0.0302144411517288,0.0698148871784153,0.0302555448408872,2020-07-12
2020-06-14,"50-54 Years",0.0679443488190631,0.032154027989976,0.0692799452039156,0.0306149732620321,2020-07-12
2020-06-21,"50-54 Years",0.0666793426541437,0.0329530635677145,0.0662182246670733,0.0340662323561346,2020-07-12
2020-06-28,"50-54 Years",0.0664638159122841,0.0330648378392321,0.0637751875895793,0.0342289719626168,2020-07-12
2020-07-05,"50-54 Years",0.0669880362822653,0.0324903271170576,0.069719654696184,0.0313323296951449,2020-07-12
2020-07-12,"50-54 Years",0.0684114144806141,0.0311127700031522,0.0675898437798112,0.0305594734367654,2020-07-12
2020-07-19,"50-54 Years",0.0684114144806141,0.0294662725908474,NA,0.0299528996173094,2020-07-12
2020-07-26,"50-54 Years",0.0684114144806141,0.0279385575354299,NA,0.0275764539508573,2020-07-12
2020-08-02,"50-54 Years",0.0684114144806141,0.0263760494669143,NA,0.0239823288103503,2020-07-12
2020-08-09,"50-54 Years",0.0684114144806141,0.024731913422493,NA,0.0263736263736264,2020-07-12
2020-03-15,"55-59 Years",0.0928468804290113,0.0652043834599966,0.0914897842107586,0.0578947368421053,2020-07-12
2020-03-22,"55-59 Years",0.0975328411211167,0.0667194859925267,0.0989897370109044,0.0736507936507936,2020-07-12
2020-03-29,"55-59 Years",0.0994945533482545,0.0665732876305416,0.10141279306139,0.0732244816187519,2020-07-12
2020-04-05,"55-59 Years",0.0988352805036891,0.0647513096605225,0.0986387784149149,0.0671914708981591,2020-07-12
2020-04-12,"55-59 Years",0.0950807814045037,0.0619866018281119,0.0949372738321672,0.0591448373076471,2020-07-12
2020-04-19,"55-59 Years",0.0901718555060007,0.0566846345100997,0.0903734891447557,0.0566363044892648,2020-07-12
2020-04-26,"55-59 Years",0.0853369786527862,0.0551757674453559,0.085229630654309,0.0530916030534351,2020-07-12
2020-05-03,"55-59 Years",0.0813665476663838,0.0550066102702938,0.0808999961669669,0.0567548120165497,2020-07-12
2020-05-10,"55-59 Years",0.0787765681682108,0.055852276822465,0.0786015487234532,0.0545504385964912,2020-07-12
2020-05-17,"55-59 Years",0.0767464963301139,0.056974315622737,0.0771579901703488,0.0595472440944882,2020-07-12
2020-05-24,"55-59 Years",0.0743469385621148,0.0587707786815344,0.0749318257929737,0.0573878627968338,2020-07-12
2020-05-31,"55-59 Years",0.0719650136727016,0.0616582641244518,0.0711128033704532,0.0581089289329824,2020-07-12
2020-06-07,"55-59 Years",0.0700561489211547,0.064703775250763,0.0698148871784153,0.0688283510125362,2020-07-12
2020-06-14,"55-59 Years",0.0679443488190631,0.0676412296972995,0.0692799452039156,0.0668449197860963,2020-07-12
2020-06-21,"55-59 Years",0.0666793426541437,0.0694809010526285,0.0662182246670733,0.0703040173724213,2020-07-12
2020-06-28,"55-59 Years",0.0664638159122841,0.0705237556150604,0.0637751875895793,0.0686915887850467,2020-07-12
2020-07-05,"55-59 Years",0.0669880362822653,0.0706459754202894,0.069719654696184,0.0723560406473466,2020-07-12
2020-07-12,"55-59 Years",0.0684114144806141,0.070218363543785,0.0675898437798112,0.0706785770255446,2020-07-12
2020-07-19,"55-59 Years",0.0684114144806141,0.0695419443203241,NA,0.0680011775095673,2020-07-12
2020-07-26,"55-59 Years",0.0684114144806141,0.0689196012290904,NA,0.0692946791585646,2020-07-12
2020-08-02,"55-59 Years",0.0684114144806141,0.0682338290485052,NA,0.0656358472704323,2020-07-12
2020-08-09,"55-59 Years",0.0684114144806141,0.0674569384902158,NA,0.0692307692307692,2020-07-12
2020-03-15,"60-64 Years",0.0740592832171692,0.0652043834599966,0.0736287012929703,0.0578947368421053,2020-07-12
2020-03-22,"60-64 Years",0.0775750504608653,0.0667194859925267,0.0782178747060081,0.0736507936507936,2020-07-12
2020-03-29,"60-64 Years",0.0788712904403675,0.0665732876305416,0.0788521479875322,0.0732244816187519,2020-07-12
2020-04-05,"60-64 Years",0.0779724331003822,0.0647513096605225,0.0786275325223014,0.0671914708981591,2020-07-12
2020-04-12,"60-64 Years",0.0747334173201097,0.0619866018281119,0.0752164687948473,0.0591448373076471,2020-07-12
2020-04-19,"60-64 Years",0.0695052830430803,0.0566846345100997,0.0692616142521625,0.0566363044892648,2020-07-12
2020-04-26,"60-64 Years",0.0639344533072275,0.0551757674453559,0.063546133628441,0.0530916030534351,2020-07-12
2020-05-03,"60-64 Years",0.0596111340946136,0.0550066102702938,0.0595691670819119,0.0567548120165497,2020-07-12
2020-05-10,"60-64 Years",0.0569538787375148,0.055852276822465,0.0564594035114621,0.0545504385964912,2020-07-12
2020-05-17,"60-64 Years",0.0548663000074931,0.056974315622737,0.0552480475895087,0.0595472440944882,2020-07-12
2020-05-24,"60-64 Years",0.0518543203370811,0.0587707786815344,0.0528449774347362,0.0573878627968338,2020-07-12
2020-05-31,"60-64 Years",0.0489022611255712,0.0616582641244518,0.0483958700081097,0.0581089289329824,2020-07-12
2020-06-07,"60-64 Years",0.0469905165560539,0.064703775250763,0.0448469206931962,0.0688283510125362,2020-07-12
2020-06-14,"60-64 Years",0.0449175978385907,0.0676412296972995,0.0481570535688804,0.0668449197860963,2020-07-12
2020-06-21,"60-64 Years",0.0432032303104695,0.0694809010526285,0.0427460756390595,0.0703040173724213,2020-07-12
2020-06-28,"60-64 Years",0.0426017973800192,0.0705237556150604,0.039119804400978,0.0686915887850467,2020-07-12
2020-07-05,"60-64 Years",0.0426922390877809,0.0706459754202894,0.0449888881857404,0.0723560406473466,2020-07-12
2020-07-12,"60-64 Years",0.043673000994829,0.070218363543785,0.0432982531118115,0.0706785770255446,2020-07-12
2020-07-19,"60-64 Years",0.043673000994829,0.0695419443203241,NA,0.0680011775095673,2020-07-12
2020-07-26,"60-64 Years",0.043673000994829,0.0689196012290904,NA,0.0692946791585646,2020-07-12
2020-08-02,"60-64 Years",0.043673000994829,0.0682338290485052,NA,0.0656358472704323,2020-07-12
2020-08-09,"60-64 Years",0.043673000994829,0.0674569384902158,NA,0.0692307692307692,2020-07-12
2020-03-15,"65-69 Years",0.0740592832171692,0.121910035288677,0.0736287012929703,0.12280701754386,2020-07-12
2020-03-22,"65-69 Years",0.0775750504608653,0.116982314591789,0.0782178747060081,0.112539682539683,2020-07-12
2020-03-29,"65-69 Years",0.0788712904403675,0.112437620156321,0.0788521479875322,0.116297706100371,2020-07-12
2020-04-05,"65-69 Years",0.0779724331003822,0.108442904302442,0.0786275325223014,0.111820492158929,2020-07-12
2020-04-12,"65-69 Years",0.0747334173201097,0.105055922763904,0.0752164687948473,0.103988018324915,2020-07-12
2020-04-19,"65-69 Years",0.0695052830430803,0.1015510088322,0.0692616142521625,0.0987638256343526,2020-07-12
2020-04-26,"65-69 Years",0.0639344533072275,0.0997309001816424,0.063546133628441,0.0994656488549618,2020-07-12
2020-05-03,"65-69 Years",0.0596111340946136,0.0991660893988934,0.0595691670819119,0.102266594711279,2020-07-12
2020-05-10,"65-69 Years",0.0569538787375148,0.100441940414551,0.0564594035114621,0.0980263157894737,2020-07-12
2020-05-17,"65-69 Years",0.0548663000074931,0.101943256727942,0.0552480475895087,0.101096737907762,2020-07-12
2020-05-24,"65-69 Years",0.0518543203370811,0.103322609488136,0.0528449774347362,0.104551451187335,2020-07-12
2020-05-31,"65-69 Years",0.0489022611255712,0.103389272448302,0.0483958700081097,0.10629682121887,2020-07-12
2020-06-07,"65-69 Years",0.0469905165560539,0.103392546873141,0.0448469206931962,0.102820636451302,2020-07-12
2020-06-14,"65-69 Years",0.0449175978385907,0.103087231227108,0.0481570535688804,0.1,2020-07-12
2020-06-21,"65-69 Years",0.0432032303104695,0.104755715202974,0.0427460756390595,0.105456026058632,2020-07-12
2020-06-28,"65-69 Years",0.0426017973800192,0.107224806778976,0.039119804400978,0.107009345794393,2020-07-12
2020-07-05,"65-69 Years",0.0426922390877809,0.111135110223812,0.0449888881857404,0.110745201354912,2020-07-12
2020-07-12,"65-69 Years",0.043673000994829,0.11363770764326,0.0432982531118115,0.11361855508541,2020-07-12
2020-07-19,"65-69 Years",0.043673000994829,0.114420953687351,NA,0.117677362378569,2020-07-12
2020-07-26,"65-69 Years",0.043673000994829,0.112561309904545,NA,0.112780625773378,2020-07-12
2020-08-02,"65-69 Years",0.043673000994829,0.108439729264476,NA,0.112496055538025,2020-07-12
2020-08-09,"65-69 Years",0.043673000994829,0.102162683004108,NA,0.0989010989010989,2020-07-12
2020-03-15,"70-74 Years",0.0389967336417039,0.121910035288677,0.038689819513702,0.12280701754386,2020-07-12
2020-03-22,"70-74 Years",0.0433651703050684,0.116982314591789,0.0435963224289074,0.112539682539683,2020-07-12
2020-03-29,"70-74 Years",0.0458945287922003,0.112437620156321,0.0464968152866242,0.116297706100371,2020-07-12
2020-04-05,"70-74 Years",0.0466215799193548,0.108442904302442,0.0466177392241506,0.111820492158929,2020-07-12
2020-04-12,"70-74 Years",0.0453809957070134,0.105055922763904,0.0459648568662322,0.103988018324915,2020-07-12
2020-04-19,"70-74 Years",0.0426580499688929,0.1015510088322,0.0421235034656585,0.0987638256343526,2020-07-12
2020-04-26,"70-74 Years",0.0393399793712145,0.0997309001816424,0.0395594134735095,0.0994656488549618,2020-07-12
2020-05-03,"70-74 Years",0.0363781177868339,0.0991660893988934,0.0361531680018399,0.102266594711279,2020-07-12
2020-05-10,"70-74 Years",0.0341700375150003,0.100441940414551,0.0338495744843978,0.0980263157894737,2020-07-12
2020-05-17,"70-74 Years",0.0322792167751812,0.101943256727942,0.0325507785783589,0.101096737907762,2020-07-12
2020-05-24,"70-74 Years",0.0300074545888979,0.103322609488136,0.0304870269666863,0.104551451187335,2020-07-12
2020-05-31,"70-74 Years",0.0277022349910087,0.103389272448302,0.0275777834919002,0.10629682121887,2020-07-12
2020-06-07,"70-74 Years",0.0262695103213598,0.103392546873141,0.0248861787879063,0.102820636451302,2020-07-12
2020-06-14,"70-74 Years",0.0248629032245677,0.103087231227108,0.0264419646679414,0.1,2020-07-12
2020-06-21,"70-74 Years",0.0233942149960947,0.104755715202974,0.0240080293224223,0.105456026058632,2020-07-12
2020-06-28,"70-74 Years",0.0228403666349718,0.107224806778976,0.0201974959952786,0.107009345794393,2020-07-12
2020-07-05,"70-74 Years",0.0228633840501853,0.111135110223812,0.0236958973767184,0.110745201354912,2020-07-12
2020-07-12,"70-74 Years",0.0235850085845532,0.11363770764326,0.0237535582639488,0.11361855508541,2020-07-12
2020-07-19,"70-74 Years",0.0235850085845532,0.114420953687351,NA,0.117677362378569,2020-07-12
2020-07-26,"70-74 Years",0.0235850085845532,0.112561309904545,NA,0.112780625773378,2020-07-12
2020-08-02,"70-74 Years",0.0235850085845532,0.108439729264476,NA,0.112496055538025,2020-07-12
2020-08-09,"70-74 Years",0.0235850085845532,0.102162683004108,NA,0.0989010989010989,2020-07-12
2020-03-15,"75-79 Years",0.0389967336417039,0.133734467254018,0.038689819513702,0.135964912280702,2020-07-12
2020-03-22,"75-79 Years",0.0433651703050684,0.134529530337937,0.0435963224289074,0.131746031746032,2020-07-12
2020-03-29,"75-79 Years",0.0458945287922003,0.13503000340958,0.0464968152866242,0.133426825603526,2020-07-12
2020-04-05,"75-79 Years",0.0466215799193548,0.135263461054718,0.0466177392241506,0.13624248434885,2020-07-12
2020-04-12,"75-79 Years",0.0453809957070134,0.13509785242819,0.0459648568662322,0.135204980617879,2020-07-12
2020-04-19,"75-79 Years",0.0426580499688929,0.134684178507444,0.0421235034656585,0.135556278464541,2020-07-12
2020-04-26,"75-79 Years",0.0393399793712145,0.132716775315243,0.0395594134735095,0.132671755725191,2020-07-12
2020-05-03,"75-79 Years",0.0363781177868339,0.130464296984455,0.0361531680018399,0.130149307429394,2020-07-12
2020-05-10,"75-79 Years",0.0341700375150003,0.128525610844102,0.0338495744843978,0.127247807017544,2020-07-12
2020-05-17,"75-79 Years",0.0322792167751812,0.127420671166127,0.0325507785783589,0.128796400449944,2020-07-12
2020-05-24,"75-79 Years",0.0300074545888979,0.126692782679478,0.0304870269666863,0.12565963060686,2020-07-12
2020-05-31,"75-79 Years",0.0277022349910087,0.126152755345279,0.0275777834919002,0.126543834784369,2020-07-12
2020-06-07,"75-79 Years",0.0262695103213598,0.12572757030348,0.0248861787879063,0.12632594021215,2020-07-12
2020-06-14,"75-79 Years",0.0248629032245677,0.124979687905282,0.0264419646679414,0.125133689839572,2020-07-12
2020-06-21,"75-79 Years",0.0233942149960947,0.124981512650952,0.0240080293224223,0.125678610206298,2020-07-12
2020-06-28,"75-79 Years",0.0228403666349718,0.125637265145921,0.0201974959952786,0.122079439252336,2020-07-12
2020-07-05,"75-79 Years",0.0228633840501853,0.127461053090052,0.0236958973767184,0.130786601430184,2020-07-12
2020-07-12,"75-79 Years",0.0235850085845532,0.129631609346922,0.0237535582639488,0.129055007052186,2020-07-12
2020-07-19,"75-79 Years",0.0235850085845532,0.133065959280425,NA,0.13357374153665,2020-07-12
2020-07-26,"75-79 Years",0.0235850085845532,0.13833280460849,NA,0.137351953332155,2020-07-12
2020-08-02,"75-79 Years",0.0235850085845532,0.145180962137618,NA,0.140107289365731,2020-07-12
2020-08-09,"75-79 Years",0.0235850085845532,0.153571278842508,NA,0.157142857142857,2020-07-12
2020-03-15,"80-84 Years",0.0207128117741504,0.133734467254018,0.0217664710295221,0.135964912280702,2020-07-12
2020-03-22,"80-84 Years",0.0313159404832692,0.134529530337937,0.030847765661749,0.131746031746032,2020-07-12
2020-03-29,"80-84 Years",0.0400377151059049,0.13503000340958,0.0371120748068844,0.133426825603526,2020-07-12
2020-04-05,"80-84 Years",0.0467225704161872,0.135263461054718,0.0467583128818186,0.13624248434885,2020-07-12
2020-04-12,"80-84 Years",0.051901717610525,0.13509785242819,0.05391291808862,0.135204980617879,2020-07-12
2020-04-19,"80-84 Years",0.0532805403248794,0.134684178507444,0.0520163831127914,0.135556278464541,2020-07-12
2020-04-26,"80-84 Years",0.050232192479952,0.132716775315243,0.0512346105962097,0.132671755725191,2020-07-12
2020-05-03,"80-84 Years",0.0458472948520365,0.130464296984455,0.0457012534018169,0.130149307429394,2020-07-12
2020-05-10,"80-84 Years",0.0420228759851492,0.128525610844102,0.0401019704055815,0.127247807017544,2020-07-12
2020-05-17,"80-84 Years",0.0388112998948121,0.127420671166127,0.040090025607991,0.128796400449944,2020-07-12
2020-05-24,"80-84 Years",0.0348050905328458,0.126692782679478,0.0353509177603776,0.12565963060686,2020-07-12
2020-05-31,"80-84 Years",0.0296225252619613,0.126152755345279,0.0305496766026465,0.126543834784369,2020-07-12
2020-06-07,"80-84 Years",0.026349368666988,0.12572757030348,0.0224870730000636,0.12632594021215,2020-07-12
2020-06-14,"80-84 Years",0.0240662759785309,0.124979687905282,0.0261315962213533,0.125133689839572,2020-07-12
2020-06-21,"80-84 Years",0.0213502841088436,0.124981512650952,0.02483701541322,0.125678610206298,2020-07-12
2020-06-28,"80-84 Years",0.0194364348620075,0.125637265145921,0.0143616684933817,0.122079439252336,2020-07-12
2020-07-05,"80-84 Years",0.0178229645250863,0.127461053090052,0.0194056575327678,0.130786601430184,2020-07-12
2020-07-12,"80-84 Years",0.0166527189473477,0.129631609346922,0.0167934795051628,0.129055007052186,2020-07-12
2020-07-19,"80-84 Years",0.0166527189473477,0.133065959280425,NA,0.13357374153665,2020-07-12
2020-07-26,"80-84 Years",0.0166527189473477,0.13833280460849,NA,0.137351953332155,2020-07-12
2020-08-02,"80-84 Years",0.0166527189473477,0.145180962137618,NA,0.140107289365731,2020-07-12
2020-08-09,"80-84 Years",0.0166527189473477,0.153571278842508,NA,0.157142857142857,2020-07-12
2020-03-15,"85+ Years",0.0207128117741504,0.225918336000941,0.0217664710295221,0.245614035087719,2020-07-12
2020-03-22,"85+ Years",0.0313159404832692,0.248809815159343,0.030847765661749,0.235555555555556,2020-07-12
2020-03-29,"85+ Years",0.0400377151059049,0.272889438776199,0.0371120748068844,0.246018230992688,2020-07-12
2020-04-05,"85+ Years",0.0467225704161872,0.297988592425273,0.0467583128818186,0.289654744932747,2020-07-12
2020-04-12,"85+ Years",0.051901717610525,0.322023830099708,0.05391291808862,0.332256548807706,2020-07-12
2020-04-19,"85+ Years",0.0532805403248794,0.350412067251938,0.0520163831127914,0.35380611581002,2020-07-12
2020-04-26,"85+ Years",0.050232192479952,0.362965522367006,0.0512346105962097,0.367480916030534,2020-07-12
2020-05-03,"85+ Years",0.0458472948520365,0.367448051021462,0.0457012534018169,0.35869760748336,2020-07-12
2020-05-10,"85+ Years",0.0420228759851492,0.364688964054224,0.0401019704055815,0.371600877192982,2020-07-12
2020-05-17,"85+ Years",0.0388112998948121,0.356109005029775,0.040090025607991,0.351659167604049,2020-07-12
2020-05-24,"85+ Years",0.0348050905328458,0.344130317585917,0.0353509177603776,0.350923482849604,2020-07-12
2020-05-31,"85+ Years",0.0296225252619613,0.331464080068387,0.0305496766026465,0.328811500303705,2020-07-12
2020-06-07,"85+ Years",0.026349368666988,0.318133583125662,0.0224870730000636,0.306412729026037,2020-07-12
2020-06-14,"85+ Years",0.0240662759785309,0.306185257446824,0.0261315962213533,0.316577540106952,2020-07-12
2020-06-21,"85+ Years",0.0213502841088436,0.293420320097409,0.02483701541322,0.293973941368078,2020-07-12
2020-06-28,"85+ Years",0.0194364348620075,0.282008845772217,0.0143616684933817,0.285981308411215,2020-07-12
2020-07-05,"85+ Years",0.0178229645250863,0.270510743551851,0.0194056575327678,0.26025592773805,2020-07-12
2020-07-12,"85+ Years",0.0166527189473477,0.267268461622918,0.0167934795051628,0.271117379721047,2020-07-12
2020-07-19,"85+ Years",0.0166527189473477,0.268066264805812,NA,0.26317338828378,2020-07-12
2020-07-26,"85+ Years",0.0166527189473477,0.271869359862343,NA,0.276471628071416,2020-07-12
2020-08-02,"85+ Years",0.0166527189473477,0.279108771280502,NA,0.290627958346482,2020-07-12
2020-08-09,"85+ Years",0.0166527189473477,0.289822077719112,NA,0.281318681318681,2020-07-12
2020-03-15,"0-4 Years",0.00385663399556324,0.00136299898264514,0.00382816292308371,NA,2020-07-12
2020-03-22,"0-4 Years",0.00353411816618365,0.000774959722647517,0.0034851400470387,NA,2020-07-12
2020-03-29,"0-4 Years",0.0035485505668591,0.00035533090487605,0.00367936034693048,NA,2020-07-12
2020-04-05,"0-4 Years",0.00391614069289636,0.000109877705135375,0.00414399428333792,NA,2020-07-12
2020-04-12,"0-4 Years",0.00459419104584291,4.23013238548542e-07,0.00461777207089053,NA,2020-07-12
2020-04-19,"0-4 Years",0.00575489546656982,9.41971729964131e-05,0.00545912814343816,NA,2020-07-12
2020-04-26,"0-4 Years",0.00766869121397618,0.000122258175481282,0.00770161848111772,NA,2020-07-12
2020-05-03,"0-4 Years",0.0100658715767561,0.000151536432068999,0.010107708229522,NA,2020-07-12
2020-05-10,"0-4 Years",0.0124248741450712,0.000158470183322934,0.0126504638503412,NA,2020-07-12
2020-05-17,"0-4 Years",0.0146393740701368,0.000172850342232578,0.0144541998695742,NA,2020-07-12
2020-05-24,"0-4 Years",0.0169611528785424,0.000190271192106017,0.016720621302247,NA,2020-07-12
2020-05-31,"0-4 Years",0.0189421935668262,0.000258863573613266,0.0190131930296497,NA,2020-07-12
2020-06-07,"0-4 Years",0.0198900976865524,0.000358916323633274,0.0206559373324488,NA,2020-07-12
2020-06-14,"0-4 Years",0.0198222954480318,0.000496278937592964,0.0192606809555067,NA,2020-07-12
2020-06-21,"0-4 Years",0.019352624298233,0.000590861039011403,0.0190844440760062,NA,2020-07-12
2020-06-28,"0-4 Years",0.0188923747734304,0.000626764928643553,0.0188906921844701,NA,2020-07-12
2020-07-05,"0-4 Years",0.018361427226553,0.000470589855826598,0.0179668916328225,NA,2020-07-12
2020-07-12,"0-4 Years",0.0177757706259269,0.000321850482132957,0.0180336251173369,NA,2020-07-12
2020-07-19,"0-4 Years",0.0177757706259269,0.000190829621093069,NA,NA,2020-07-12
2020-07-26,"0-4 Years",0.0177757706259269,0.000115523997751832,NA,NA,2020-07-12
2020-08-02,"0-4 Years",0.0177757706259269,7.78387860982388e-05,NA,NA,2020-07-12
2020-08-09,"0-4 Years",0.0177757706259269,7.18937357453431e-05,NA,NA,2020-07-12
