"fips","staffed_beds","icu_beds"
"10001",542,38
"10003",1715,93
"10005",379,9
"1001",55,6
"1003",362,44
"1005",30,5
"1007",25,0
"1009",25,6
"1011",30,0
"1013",44,7
"1015",413,24
"1017",0,0
"1019",45,0
"1021",26,6
"1023",25,0
"1025",56,0
"1027",46,4
"1031",99,7
"1033",348,22
"1035",44,0
"1039",128,13
"1041",57,0
"1043",185,12
"1045",77,6
"1047",109,23
"1049",97,12
"1051",70,5
"1053",95,14
"1055",590,40
"1057",45,8
"1059",74,7
"1061",73,6
"1063",20,0
"1065",28,0
"1069",769,66
"1071",92,10
"1073",3650,281
"1077",233,36
"1079",43,6
"1081",372,20
"1083",97,10
"1087",143,0
"1089",1240,58
"1091",37,5
"1093",97,8
"1095",150,20
"1097",1490,76
"1099",49,8
"11001",3077,237
"1101",1018,58
"1103",200,23
"1109",97,9
"1111",15,0
"1113",105,8
"1115",40,6
"1117",246,32
"1119",33,0
"1121",207,14
"1123",80,6
"1125",906,52
"1127",207,12
"1129",15,0
"1131",21,0
"1133",49,4
"12001",1549,66
"12003",81,0
"12005",676,77
"12007",25,0
"12009",1867,157
"12011",4702,525
"12013",15,0
"12015",595,51
"12017",332,40
"12019",459,42
"12021",773,58
"12023",456,27
"12027",49,8
"12031",3119,351
"12033",1258,85
"12035",99,18
"12037",25,0
"12039",24,0
"12045",19,0
"12049",25,0
"12051",25,3
"12053",546,44
"12055",259,38
"12057",3636,411
"12059",20,0
"12061",511,40
"12063",66,7
"12069",1060,118
"12071",1232,141
"12073",822,50
"12079",25,0
"12081",867,98
"12083",817,110
"12085",366,57
"12086",7771,540
"12087",129,14
"12089",54,0
"12091",441,51
"12093",100,8
"12095",4291,334
"12097",575,66
"12099",3967,389
"12101",1312,130
"12103",3307,276
"12105",1580,127
"12107",99,10
"12109",335,47
"12111",728,54
"12113",294,16
"12115",1277,118
"12117",332,38
"12119",40,0
"12121",25,0
"12123",48,6
"12125",145,0
"12127",1434,105
"12131",112,28
"12133",25,0
"13001",34,3
"13005",25,4
"13009",280,12
"13013",56,6
"13015",119,21
"13017",48,5
"13019",51,0
"13021",992,115
"13023",15,0
"13027",25,0
"13031",182,24
"13033",40,0
"13035",25,0
"13039",40,5
"13043",25,6
"13045",197,18
"13047",36,0
"13051",1304,62
"13053",250,0
"13057",114,0
"13059",564,92
"13063",319,34
"13065",15,0
"13067",1243,81
"13069",86,10
"13071",127,10
"13075",33,0
"13077",250,23
"13081",65,16
"13083",36,0
"13087",80,10
"13089",1957,278
"13091",40,6
"13095",409,50
"13097",102,8
"13099",15,0
"13103",25,0
"13105",52,4
"13107",45,8
"13109",49,0
"13111",50,5
"13113",221,66
"13115",435,42
"13117",304,24
"13119",56,8
"13121",3817,505
"13127",401,0
"13129",69,8
"13131",46,4
"13133",50,0
"13135",1055,84
"13137",53,4
"13139",545,85
"13143",15,0
"13151",215,0
"13153",276,36
"13155",34,0
"13157",28,0
"13159",12,0
"13161",25,4
"13163",37,0
"13165",15,0
"13173",25,0
"13175",145,16
"13179",64,0
"13185",377,48
"13187",0,0
"13189",25,0
"13193",22,0
"13199",109,0
"13201",25,0
"13205",25,0
"13207",25,0
"13211",25,0
"13213",29,0
"13215",794,61
"13217",94,10
"13223",112,8
"13225",25,0
"13227",52,6
"13233",25,0
"13235",55,6
"13241",25,0
"13243",25,0
"13245",1850,209
"13247",138,16
"13251",25,0
"13253",45,0
"13255",160,22
"13257",74,6
"13261",54,0
"13267",25,0
"13275",226,35
"13277",181,20
"13279",52,8
"13281",25,0
"13285",276,20
"13291",39,5
"13293",87,28
"13297",164,7
"13299",134,10
"13303",56,0
"13305",88,12
"13313",246,26
"13317",25,0
"13321",25,0
"15001",296,24
"15003",2266,136
"15007",102,9
"15009",247,20
"16001",1195,88
"16005",137,20
"16007",21,0
"16009",19,0
"16011",131,5
"16017",25,4
"16019",267,35
"16021",20,0
"16023",14,0
"16027",282,41
"16029",25,0
"16031",31,6
"16035",78,0
"16039",21,0
"16041",20,0
"16045",13,0
"16047",16,0
"16049",40,0
"16053",25,0
"16055",401,55
"16057",25,3
"16059",18,0
"16065",67,4
"16067",16,0
"16069",110,9
"16071",11,0
"16077",10,0
"16079",21,0
"16081",13,0
"16083",186,30
"16085",23,0
"16087",19,0
"17001",248,25
"17005",32,0
"17011",69,9
"17019",637,13
"17021",47,0
"17025",20,0
"17027",46,0
"17029",82,0
"17031",15214,1299
"17033",25,0
"17037",192,16
"17039",15,0
"17043",2083,241
"17045",25,0
"17049",133,10
"17051",29,4
"17053",25,2
"17055",16,0
"17057",43,5
"17061",25,0
"17063",89,8
"17065",25,0
"17067",18,0
"17069",25,0
"17073",50,3
"17075",25,0
"17077",179,21
"17081",171,22
"17083",46,4
"17085",18,0
"17089",1114,65
"17091",460,18
"17095",177,18
"17097",826,108
"17099",164,13
"17101",25,0
"17103",66,6
"17105",42,5
"17107",25,0
"17109",45,7
"17111",405,33
"17113",343,30
"17115",446,35
"17117",50,0
"17119",677,58
"17121",107,9
"17125",25,0
"17127",25,0
"17131",22,0
"17135",50,0
"17137",93,9
"17141",17,4
"17143",986,95
"17145",42,0
"17147",16,0
"17149",25,0
"17157",171,0
"17159",47,8
"17161",487,32
"17163",556,42
"17165",65,0
"17167",1004,83
"17169",22,0
"17173",30,0
"17177",100,8
"17179",132,8
"17181",113,0
"17183",179,12
"17185",25,4
"17187",23,0
"17189",22,0
"17191",25,4
"17195",121,9
"17197",850,73
"17199",294,26
"17201",932,90
"17203",25,0
"18001",25,4
"18003",1630,134
"18005",225,17
"18009",15,0
"18011",68,8
"18017",165,5
"18019",253,22
"18021",25,0
"18023",25,0
"18027",42,5
"18029",102,8
"18031",25,0
"18033",37,8
"18035",368,36
"18037",111,26
"18039",338,35
"18043",269,16
"18049",25,4
"18051",25,5
"18053",347,19
"18055",25,5
"18057",610,25
"18059",73,24
"18061",25,4
"18063",133,12
"18065",48,10
"18067",250,21
"18069",36,0
"18071",91,7
"18073",25,4
"18075",25,0
"18077",238,6
"18079",25,0
"18081",195,6
"18083",99,30
"18085",88,14
"18087",25,0
"18089",1767,181
"18091",278,34
"18093",50,6
"18095",303,38
"18097",3989,334
"18099",157,7
"18103",25,4
"18105",357,24
"18107",29,5
"18109",83,0
"18113",47,0
"18117",24,0
"18123",25,4
"18127",292,32
"18131",25,0
"18133",25,6
"18135",25,0
"18137",25,7
"18139",25,0
"18141",837,74
"18143",25,4
"18145",46,6
"18149",15,1
"18151",25,2
"18153",25,4
"18157",477,30
"18159",25,0
"18163",993,127
"18165",25,6
"18167",494,54
"18169",18,0
"18171",16,0
"18173",338,24
"18175",25,0
"18177",376,30
"18179",62,7
"18181",25,0
"18183",30,0
"19001",25,0
"19003",22,0
"19005",25,0
"19007",25,3
"19009",25,0
"19011",25,0
"19013",384,29
"19015",25,0
"19017",37,0
"19019",85,0
"19021",25,0
"19025",25,2
"19027",66,6
"19029",25,4
"19033",205,18
"19035",61,0
"19037",8,0
"19039",25,0
"19041",49,0
"19043",40,0
"19045",120,10
"19047",25,0
"19049",25,0
"19051",25,0
"19053",11,0
"19055",25,0
"19057",136,12
"19059",44,0
"19061",257,18
"19063",22,0
"19065",50,0
"19067",25,0
"19069",25,0
"19071",25,0
"19073",25,0
"19075",25,0
"19077",25,0
"19079",25,0
"19081",25,0
"19083",19,0
"19085",25,0
"19087",25,0
"19089",18,0
"19091",17,0
"19093",25,0
"19095",25,0
"19097",25,0
"19099",48,0
"19101",25,0
"19103",962,18
"19105",22,0
"19107",25,0
"19109",24,0
"19111",99,3
"19113",495,36
"19117",25,0
"19119",11,0
"19121",25,0
"19123",25,0
"19125",50,3
"19127",41,0
"19131",25,0
"19133",25,0
"19135",25,0
"19137",25,8
"19141",39,0
"19143",25,0
"19145",50,2
"19147",24,0
"19149",25,0
"19151",25,0
"19153",1520,84
"19155",255,29
"19157",49,5
"19159",16,0
"19161",25,0
"19163",432,39
"19165",25,0
"19167",94,0
"19169",175,14
"19175",25,4
"19177",25,0
"19179",88,11
"19183",25,0
"19185",25,0
"19187",46,8
"19191",25,0
"19193",316,34
"19197",47,0
"20001",25,0
"20003",12,0
"20005",25,4
"20007",32,0
"20009",76,4
"20013",25,0
"20015",108,16
"20019",17,0
"20021",46,0
"20023",16,0
"20025",39,0
"20027",17,0
"20029",22,0
"20031",25,0
"20033",12,0
"20035",53,4
"20037",89,12
"20039",21,0
"20041",19,0
"20045",110,10
"20047",12,0
"20051",149,34
"20053",18,0
"20055",90,8
"20057",60,10
"20059",44,5
"20061",96,6
"20063",21,0
"20065",20,0
"20067",26,0
"20071",18,0
"20073",25,0
"20075",25,0
"20077",25,0
"20079",134,6
"20081",13,0
"20083",25,0
"20085",12,0
"20087",25,0
"20089",24,0
"20091",1519,97
"20093",25,0
"20095",25,0
"20097",15,0
"20099",46,5
"20101",25,0
"20103",46,10
"20105",10,0
"20109",25,0
"20111",21,6
"20113",81,7
"20115",25,0
"20117",23,0
"20119",20,0
"20121",104,106
"20123",16,4
"20125",47,7
"20127",40,0
"20129",26,0
"20131",41,0
"20133",22,5
"20135",37,0
"20137",25,0
"20141",24,0
"20143",25,0
"20145",121,0
"20147",25,0
"20149",43,0
"20151",35,6
"20153",15,0
"20155",137,18
"20157",25,0
"20159",25,0
"20161",99,8
"20163",16,0
"20165",16,0
"20167",19,0
"20169",191,18
"20171",25,0
"20173",1726,147
"20175",71,8
"20177",748,36
"20179",18,0
"20181",21,0
"20183",16,0
"20185",25,0
"20187",16,0
"20189",17,0
"20191",67,0
"20193",21,1
"20195",25,0
"2020",979,60
"20201",50,0
"20203",25,0
"20205",40,0
"20209",1059,129
"2050",34,0
"2070",16,0
"2090",145,13
"21003",25,0
"21009",108,10
"21013",87,7
"21015",166,18
"21017",34,4
"21019",439,38
"21021",170,22
"21025",49,4
"21027",25,0
"21033",25,0
"21035",99,10
"21037",156,21
"21041",25,0
"21045",24,0
"21047",431,18
"21049",54,8
"21051",49,6
"21053",38,0
"21055",48,0
"21057",25,0
"21059",507,32
"21065",25,0
"21067",1932,248
"21069",52,3
"21071",177,16
"21073",116,10
"21081",15,0
"21083",95,8
"21085",75,6
"21087",25,0
"21089",135,12
"21093",428,10
"21095",81,7
"21097",61,6
"21099",25,0
"2110",45,9
"21101",118,12
"21107",445,19
"21111",1993,355
"21115",72,6
"21117",707,46
"21121",25,6
"21125",106,14
"21127",65,6
"21131",25,0
"21133",90,6
"21137",25,0
"21139",25,0
"21141",75,6
"21145",573,34
"21151",85,12
"21155",63,6
"21157",25,4
"21161",100,5
"21167",25,4
"21171",49,0
"21173",42,4
"21175",25,0
"21177",47,6
"21179",40,4
"21183",25,4
"21185",90,8
"21193",229,32
"21195",356,76
"21199",230,38
"21203",20,0
"21205",90,14
"21207",25,2
"21209",75,6
"21211",30,4
"21213",25,0
"21217",90,8
"2122",76,6
"21221",25,0
"21225",25,0
"21227",639,32
"21231",25,0
"21235",280,0
"21239",25,0
"2130",25,4
"2150",24,0
"2170",74,14
"2180",18,0
"2185",20,0
"2188",17,0
"2195",12,0
"22001",171,4
"22003",74,3
"22005",151,7
"22007",15,0
"22009",92,2
"22011",80,6
"22013",21,0
"22015",217,18
"22017",1829,94
"22019",740,75
"22021",77,0
"22023",49,0
"22027",37,4
"22029",65,5
"22031",34,0
"22033",1920,99
"22035",23,0
"22037",636,0
"22039",223,24
"22041",29,6
"22045",153,11
"22047",10,0
"22049",25,0
"22051",2003,157
"22053",92,5
"22055",1248,74
"22057",178,21
"22059",55,0
"22061",258,17
"22065",25,0
"22067",109,6
"22069",102,8
"22071",1301,62
"22073",806,88
"22077",25,0
"22079",1110,26
"22081",37,0
"22083",63,2
"22085",48,0
"22087",40,8
"22089",39,8
"22091",25,0
"22093",44,0
"22095",82,0
"22097",211,22
"22099",43,0
"22101",152,15
"22103",1070,207
"22105",536,64
"22109",344,26
"22111",35,0
"22113",69,6
"22115",126,7
"22117",61,13
"22119",171,16
"22123",30,0
"22125",25,0
"22127",46,5
"2220",25,0
"2261",24,0
"2275",8,0
"23001",361,34
"23003",166,12
"23005",985,50
"23007",48,5
"23009",98,6
"23011",297,16
"23013",81,8
"23015",25,4
"23017",50,4
"23019",581,51
"23021",50,0
"23025",50,4
"23027",25,4
"23029",50,0
"23031",206,14
"24001",288,14
"24003",612,62
"24005",1263,94
"24009",41,4
"24013",675,12
"24015",182,5
"24017",98,10
"24019",84,0
"24021",281,18
"24023",27,2
"24025",231,19
"24027",245,16
"24029",21,6
"24031",1682,143
"24033",490,78
"24037",96,12
"24041",48,16
"24043",340,17
"24045",418,24
"24047",32,6
"24510",3719,365
"25001",410,21
"25003",245,24
"25005",1101,96
"25007",25,0
"25009",1332,98
"25011",89,6
"25013",1406,83
"25015",118,11
"25017",3572,206
"25019",19,0
"25021",1219,59
"25023",659,47
"25025",5716,453
"25027",2449,119
"26003",11,0
"26005",257,8
"26007",128,9
"26011",25,5
"26013",15,0
"26015",25,6
"26017",328,32
"26019",8,0
"26021",222,20
"26023",87,10
"26025",262,32
"26027",25,0
"26029",25,0
"26033",49,6
"26035",49,0
"26037",59,2
"26039",49,6
"26041",25,9
"26043",56,6
"26045",45,0
"26047",187,18
"26049",1047,109
"26051",25,0
"26053",25,5
"26055",409,20
"26057",49,0
"26059",44,4
"26061",61,5
"26063",98,4
"26065",873,115
"26067",25,2
"26069",47,4
"26071",25,3
"26073",83,8
"26075",469,34
"26077",904,70
"26079",8,0
"26081",2018,142
"26087",183,10
"26091",113,9
"26093",142,8
"26095",25,0
"26097",15,0
"26099",1234,122
"26101",45,0
"26103",263,26
"26105",45,6
"26107",49,4
"26111",324,26
"26115",153,14
"26117",131,12
"26121",362,44
"26123",25,9
"26125",3799,369
"26127",24,0
"26129",88,0
"26131",25,0
"26133",25,4
"26137",46,4
"26139",136,14
"26145",724,46
"26147",372,23
"26149",97,4
"26151",65,0
"26153",12,0
"26155",111,7
"26157",198,0
"26159",74,0
"26161",1778,46
"26163",5357,411
"26165",49,20
"27001",25,4
"27003",721,45
"27005",36,8
"27007",105,10
"27011",40,0
"27013",167,29
"27015",40,0
"27017",47,2
"27019",109,18
"27021",5,0
"27023",25,0
"27029",48,0
"27031",16,0
"27033",26,0
"27035",168,16
"27037",179,12
"27041",115,8
"27043",24,4
"27047",159,18
"27049",65,4
"27051",10,0
"27053",3717,215
"27057",25,0
"27059",70,0
"27061",76,0
"27063",14,0
"27065",25,4
"27067",81,8
"27069",15,0
"27071",18,0
"27073",32,0
"27075",16,0
"27077",15,0
"27079",9,0
"27081",44,0
"27083",50,0
"27085",74,6
"27087",10,0
"27089",12,0
"27091",55,0
"27093",25,0
"27095",61,4
"27097",25,0
"27101",20,0
"27103",65,0
"27105",48,0
"27107",14,0
"27109",1192,218
"27111",121,5
"27113",41,0
"27115",9,0
"27117",18,0
"27119",54,5
"27121",19,0
"27123",1328,115
"27127",25,0
"27129",16,0
"27131",69,0
"27133",25,0
"27135",25,0
"27137",815,78
"27139",109,0
"27143",16,0
"27145",535,42
"27147",29,0
"27149",25,0
"27151",33,0
"27153",14,0
"27155",15,0
"27157",32,0
"27159",125,5
"27161",15,0
"27163",154,31
"27165",50,0
"27167",25,0
"27169",49,8
"27171",85,3
"27173",47,0
"28001",147,15
"28003",163,24
"28007",25,0
"28011",152,8
"28013",25,0
"28017",39,0
"28019",15,0
"28021",22,0
"28023",25,0
"28025",49,6
"28027",181,10
"28029",25,0
"28031",25,0
"28033",470,8
"28035",482,40
"28037",24,0
"28039",42,6
"28041",7,0
"28043",49,0
"28045",47,6
"28047",854,57
"28049",2353,159
"28051",25,0
"28055",19,0
"28059",435,48
"28061",16,0
"28063",12,0
"28065",50,0
"28067",268,14
"28069",25,0
"28071",169,24
"28073",175,17
"28075",767,39
"28079",25,0
"28081",577,24
"28083",173,9
"28085",90,5
"28087",158,18
"28089",67,7
"28091",49,6
"28093",27,0
"28095",120,9
"28097",25,0
"28099",83,0
"28103",25,0
"28105",88,6
"28107",45,0
"28109",73,6
"28111",22,0
"28113",177,16
"28115",25,0
"28117",39,0
"28121",310,8
"28123",25,0
"28127",69,0
"28129",19,0
"28133",126,0
"28135",9,0
"28139",25,0
"28145",92,8
"28147",25,0
"28149",336,22
"28151",216,22
"28153",49,6
"28155",38,0
"28157",16,0
"28159",14,0
"28161",26,0
"28163",25,0
"29001",51,10
"29005",16,0
"29007",40,0
"29009",68,0
"29011",25,4
"29013",44,0
"29019",1199,114
"29021",501,21
"29023",220,14
"29027",56,0
"29029",100,18
"29031",494,31
"29033",21,0
"29037",96,9
"29039",41,0
"29047",694,34
"29049",34,5
"29051",254,25
"29055",39,0
"29065",25,0
"29071",148,13
"29073",24,0
"29075",25,0
"29077",1497,129
"29079",21,0
"29081",14,0
"29083",96,8
"29091",128,12
"29093",15,0
"29095",2319,279
"29097",25,0
"29099",279,28
"29101",46,0
"29105",43,4
"29107",25,2
"29113",25,4
"29115",25,0
"29117",25,0
"29121",25,0
"29123",25,0
"29127",86,8
"29145",634,87
"29147",38,0
"29155",49,7
"29157",25,0
"29159",108,9
"29161",172,18
"29163",25,0
"29165",118,0
"29167",52,8
"29169",46,0
"29171",15,0
"29175",33,8
"29177",25,0
"29183",880,39
"29185",12,0
"29186",25,0
"29187",433,10
"29189",4371,460
"29195",42,7
"29199",25,0
"29201",110,12
"29207",48,4
"29211",17,0
"29213",105,18
"29215",47,4
"29217",41,6
"29221",25,0
"29510",2694,196
"30001",18,0
"30003",49,0
"30005",6,0
"30007",25,0
"30009",10,0
"30011",25,0
"30013",332,20
"30015",33,0
"30017",25,4
"30019",25,0
"30021",25,3
"30023",199,0
"30025",25,0
"30027",23,0
"30029",220,22
"30031",87,8
"30033",4,0
"30035",46,0
"30039",25,0
"30041",49,6
"30047",47,0
"30049",131,8
"30051",25,0
"30053",25,0
"30055",25,0
"30057",20,0
"30059",25,0
"30061",24,0
"30063",299,32
"30065",25,0
"30067",25,4
"30071",6,0
"30073",20,0
"30077",16,0
"30079",22,0
"30081",25,5
"30083",25,0
"30085",75,0
"30087",25,1
"30089",16,0
"30091",19,0
"30093",71,11
"30095",10,0
"30097",25,0
"30099",25,0
"30101",21,0
"30105",25,0
"30107",25,0
"30111",577,41
"31001",127,10
"31003",23,0
"31011",25,0
"31013",25,0
"31015",20,0
"31017",23,0
"31019",362,34
"31021",16,0
"31023",20,0
"31029",22,0
"31031",50,0
"31033",19,4
"31037",25,0
"31039",25,0
"31041",35,0
"31045",25,0
"31047",57,0
"31053",50,0
"31055",2194,234
"31057",14,0
"31059",20,0
"31061",14,0
"31065",20,0
"31067",25,3
"31069",10,0
"31079",140,16
"31081",14,0
"31083",19,0
"31089",42,0
"31093",16,0
"31095",17,0
"31097",18,0
"31099",10,0
"31101",18,0
"31105",15,0
"31107",23,0
"31109",1126,52
"31111",97,19
"31119",131,24
"31121",20,0
"31123",20,0
"31125",19,0
"31127",16,0
"31129",25,0
"31131",28,0
"31133",17,0
"31135",20,0
"31137",25,0
"31139",35,0
"31141",47,5
"31143",16,0
"31145",25,0
"31147",24,0
"31149",24,0
"31151",43,0
"31153",89,8
"31155",16,0
"31157",122,22
"31159",24,0
"31169",19,0
"31173",34,0
"31175",16,0
"31177",21,0
"31179",25,0
"31181",13,0
"31185",38,0
"32001",25,0
"32003",5937,452
"32005",23,0
"32007",59,7
"32013",25,3
"32015",5,0
"32017",4,0
"32019",14,0
"32021",11,0
"32023",25,0
"32027",13,0
"32031",1390,290
"32033",25,0
"32510",219,24
"33001",86,10
"33003",50,8
"33005",86,27
"33007",66,3
"33009",500,52
"33011",814,62
"33013",474,18
"33015",506,43
"33017",182,17
"33019",25,0
"34001",1336,54
"34003",1934,112
"34005",795,82
"34007",1892,166
"34009",149,16
"34011",321,12
"34013",2515,215
"34015",233,14
"34017",1086,89
"34019",170,12
"34021",1405,104
"34023",1906,73
"34025",1643,128
"34027",1566,81
"34029",1325,94
"34031",823,53
"34033",209,19
"34035",820,28
"34037",130,10
"34039",951,55
"34041",156,20
"35001",1937,117
"35005",204,24
"35006",31,4
"35007",25,4
"35009",106,8
"35013",663,51
"35015",130,12
"35017",32,6
"35019",10,0
"35025",86,8
"35027",25,4
"35028",47,6
"35029",25,6
"35031",148,5
"35035",56,10
"35037",25,0
"35039",52,8
"35041",20,0
"35043",60,0
"35045",260,10
"35047",226,8
"35049",225,24
"35051",11,0
"35053",24,0
"35055",6,6
"35059",25,0
"36001",1478,81
"36003",69,6
"36005",3345,201
"36007",492,47
"36009",260,0
"36011",85,0
"36013",208,26
"36015",325,20
"36017",58,7
"36019",300,21
"36021",95,9
"36023",103,12
"36025",56,0
"36027",874,27
"36029",2265,190
"36031",25,0
"36033",131,13
"36035",58,8
"36037",131,10
"36043",25,0
"36045",287,10
"36047",4320,248
"36049",25,6
"36051",67,0
"36053",126,6
"36055",2038,154
"36057",100,8
"36059",3598,235
"36061",7644,725
"36063",411,32
"36065",737,26
"36067",1736,118
"36069",307,27
"36071",986,76
"36073",25,0
"36075",132,8
"36077",227,14
"36079",120,10
"36081",2663,92
"36083",257,24
"36085",1060,62
"36087",1144,0
"36089",384,20
"36091",259,0
"36093",351,36
"36095",40,0
"36097",25,0
"36101",95,8
"36103",3509,250
"36105",99,0
"36109",163,16
"36111",209,25
"36113",361,24
"36117",101,8
"36119",2427,158
"36121",50,5
"36123",25,0
"37001",176,20
"37005",25,0
"37007",15,0
"37009",25,0
"37011",21,0
"37013",72,8
"37015",6,0
"37017",25,4
"37019",126,19
"37021",849,146
"37023",587,16
"37025",447,15
"37027",110,12
"37031",99,8
"37035",426,52
"37037",25,4
"37039",25,0
"37041",25,4
"37045",292,57
"37047",154,0
"37049",286,72
"37051",694,56
"37055",21,0
"37057",154,29
"37059",50,0
"37061",49,9
"37063",1358,70
"37065",101,15
"37067",1990,180
"37071",383,57
"37077",1342,6
"37081",955,107
"37083",106,16
"37085",268,14
"37087",122,12
"37089",233,27
"37091",70,10
"37093",61,0
"37097",406,36
"37099",82,9
"37101",179,24
"37105",127,8
"37107",1086,0
"37109",101,10
"37111",49,9
"37113",49,5
"37117",43,6
"37119",2388,141
"37121",25,0
"37123",4,0
"37125",412,0
"37127",372,21
"37129",714,29
"37133",306,14
"37135",886,0
"37139",91,10
"37141",25,0
"37145",38,6
"37147",930,71
"37149",25,6
"37151",145,12
"37155",256,25
"37157",108,9
"37159",169,20
"37161",111,18
"37163",71,8
"37165",97,8
"37167",97,10
"37169",25,0
"37171",181,10
"37173",44,0
"37175",25,4
"37179",182,14
"37181",91,20
"37183",2067,117
"37187",25,0
"37189",95,10
"37191",514,16
"37193",93,8
"37195",270,14
"38001",25,0
"38003",25,0
"38009",25,0
"38011",23,0
"38015",386,52
"38017",1352,111
"38019",20,0
"38021",20,0
"38023",15,0
"38029",14,0
"38031",25,0
"38035",384,16
"38037",30,0
"38039",18,0
"38051",44,0
"38053",24,0
"38055",47,0
"38057",13,0
"38059",41,0
"38061",11,0
"38063",19,0
"38067",20,0
"38069",25,0
"38071",25,0
"38073",25,0
"38079",52,0
"38085",12,0
"38089",25,4
"38093",131,6
"38095",20,0
"38097",41,0
"38099",28,0
"38101",190,19
"38103",25,0
"38105",50,0
"39001",25,0
"39003",529,34
"39005",39,6
"39007",286,19
"39009",156,0
"39011",36,6
"39013",165,0
"39017",631,56
"39021",25,0
"39023",270,38
"39025",147,16
"39027",89,6
"39029",219,20
"39031",56,7
"39033",50,9
"39035",5395,397
"39037",40,6
"39039",73,8
"39041",124,6
"39043",183,18
"39045",213,20
"39047",25,0
"39049",5518,368
"39051",25,7
"39053",157,14
"39055",124,12
"39057",106,8
"39059",156,11
"39061",3729,232
"39063",141,0
"39065",25,0
"39067",25,0
"39069",25,5
"39071",50,0
"39073",25,0
"39075",41,4
"39077",98,12
"39079",24,0
"39081",171,12
"39083",65,12
"39085",471,27
"39087",8,0
"39089",262,13
"39091",39,0
"39093",838,54
"39095",2203,158
"39097",45,13
"39099",784,38
"39101",174,15
"39103",150,12
"39107",42,5
"39109",119,10
"39113",2106,220
"39117",23,3
"39119",282,24
"39123",25,4
"39125",25,0
"39129",83,8
"39131",25,0
"39133",191,16
"39139",279,37
"39141",189,12
"39143",152,18
"39145",202,16
"39147",94,9
"39149",61,7
"39151",1006,68
"39153",2096,145
"39155",395,42
"39157",153,10
"39159",60,7
"39161",145,5
"39165",265,16
"39167",213,11
"39169",129,14
"39171",100,7
"39173",149,10
"39175",24,0
"40001",30,0
"40005",25,0
"40007",24,0
"40009",34,6
"4001",162,0
"40011",42,0
"40013",140,8
"40015",42,0
"40017",99,8
"40019",162,13
"40021",122,14
"40023",34,0
"40025",25,0
"40027",488,52
"40029",20,0
"4003",135,12
"40031",365,28
"40035",235,0
"40037",95,0
"40039",70,4
"40041",58,6
"40043",18,0
"40045",25,0
"40047",349,30
"40049",26,0
"4005",396,41
"40051",49,9
"40055",18,0
"40057",22,0
"40059",15,0
"40063",25,0
"40065",49,6
"40067",25,0
"40069",25,0
"4007",98,8
"40071",82,10
"40075",38,0
"40079",68,4
"40081",50,0
"40083",25,0
"40085",25,0
"40087",39,0
"40089",77,6
"4009",49,0
"40093",25,0
"40095",21,0
"40097",24,0
"40099",25,0
"40101",328,24
"40103",26,0
"40105",25,0
"40107",25,0
"40109",3728,267
"40111",107,0
"40113",40,0
"40115",144,9
"40117",14,0
"40119",161,11
"4012",42,3
"40121",132,15
"40123",240,12
"40125",111,14
"40127",42,0
"40129",15,0
"4013",9828,715
"40131",100,6
"40133",32,0
"40135",41,0
"40137",86,9
"40139",47,0
"40143",3026,276
"40145",100,6
"40147",81,0
"40149",14,0
"4015",551,80
"40151",25,0
"40153",64,6
"4017",136,12
"4019",2860,287
"4021",348,24
"4023",25,0
"4025",302,39
"4027",447,42
"41001",21,2
"41003",169,12
"41005",453,54
"41007",48,4
"41011",166,12
"41013",16,0
"41015",16,0
"41017",270,36
"41019",156,32
"41023",14,0
"41025",19,2
"41027",25,0
"41029",458,34
"41031",25,0
"41033",121,12
"41035",105,0
"41037",24,0
"41039",721,71
"41041",50,0
"41043",92,11
"41045",44,8
"41047",1067,68
"41049",21,0
"41051",2131,165
"41053",15,0
"41057",25,4
"41059",186,36
"41061",25,4
"41063",23,0
"41065",43,17
"41067",989,85
"41071",90,11
"42001",76,8
"42003",6082,443
"42005",131,12
"42007",229,20
"42009",40,4
"42011",1142,50
"42013",496,42
"42015",310,42
"42017",993,91
"42019",267,35
"42021",423,19
"42025",68,6
"42027",432,0
"42029",1133,54
"42031",169,7
"42033",241,15
"42035",63,0
"42037",143,22
"42039",170,16
"42041",658,21
"42043",1261,36
"42045",1215,101
"42047",25,0
"42049",1040,40
"42051",210,15
"42055",299,0
"42057",21,0
"42059",23,0
"42061",57,7
"42063",134,12
"42065",69,5
"42069",855,53
"42071",936,73
"42073",206,12
"42075",459,28
"42077",1880,112
"42079",974,67
"42081",303,32
"42083",138,10
"42085",404,26
"42087",109,10
"42089",295,24
"42091",2386,119
"42093",757,68
"42095",518,66
"42097",123,12
"42101",6085,413
"42105",25,4
"42107",266,26
"42111",148,6
"42115",50,4
"42117",25,6
"42121",118,8
"42123",237,6
"42125",448,16
"42127",76,8
"42129",794,33
"42131",44,6
"42133",808,70
"44003",323,15
"44005",102,10
"44007",2413,204
"44009",154,17
"45001",25,6
"45003",204,35
"45005",25,0
"45007",460,25
"45013",318,24
"45019",1830,221
"45021",44,12
"45023",36,6
"45025",48,6
"45027",49,6
"45029",102,8
"45031",152,12
"45033",72,6
"45035",0,0
"45037",25,0
"45041",1011,63
"45043",422,18
"45045",1419,119
"45047",332,20
"45049",32,6
"45051",741,92
"45053",41,4
"45055",121,10
"45057",208,20
"45059",43,0
"45063",634,37
"45067",94,10
"45071",48,7
"45073",122,0
"45075",266,20
"45077",131,4
"45079",1978,82
"45083",796,45
"45085",173,17
"45087",49,6
"45089",25,4
"45091",318,24
"46005",25,6
"46007",14,0
"46009",50,0
"46011",49,0
"46013",97,6
"46015",25,0
"46023",37,0
"46027",25,0
"46029",81,8
"46033",11,0
"46035",50,8
"46037",20,0
"46039",10,0
"46041",25,4
"46043",11,0
"46045",12,0
"46047",25,0
"46049",12,0
"46051",25,0
"46053",41,0
"46055",18,0
"46059",25,0
"46065",50,6
"46067",50,0
"46073",16,0
"46077",6,0
"46079",22,0
"46081",45,5
"46083",53,0
"46089",4,0
"46091",20,0
"46093",79,3
"46099",1036,56
"46101",18,0
"46103",403,38
"46107",10,0
"46109",25,0
"46113",45,0
"46115",23,0
"46121",35,0
"46123",25,0
"46125",12,0
"46127",49,0
"46135",168,10
"46137",8,0
"47001",220,25
"47003",44,8
"47005",25,0
"47007",25,0
"47009",348,8
"47011",183,27
"47013",81,10
"47015",30,0
"47017",42,0
"47019",109,8
"47021",12,0
"47025",33,5
"47029",32,5
"47031",123,13
"47035",73,12
"47037",3131,359
"47039",40,0
"47041",52,4
"47043",91,6
"47045",109,14
"47051",131,10
"47053",47,3
"47055",81,6
"47059",189,17
"47063",116,20
"47065",1703,151
"47067",10,0
"47069",175,0
"47071",49,0
"47073",32,6
"47077",36,0
"47079",64,0
"47081",25,0
"47083",25,0
"47085",25,0
"47089",58,6
"47091",2,0
"47093",1650,147
"47099",89,6
"47103",49,6
"47105",30,5
"47107",88,4
"47111",25,0
"47113",870,89
"47117",25,0
"47119",281,41
"47123",59,0
"47125",260,21
"47131",63,0
"47133",90,6
"47135",21,0
"47141",247,38
"47143",25,3
"47145",52,6
"47147",109,8
"47149",759,78
"47151",25,0
"47155",58,16
"47157",3283,196
"47159",25,2
"47163",851,92
"47165",255,38
"47167",47,0
"47169",25,0
"47171",10,0
"47177",100,8
"47179",561,76
"47181",30,0
"47183",94,0
"47185",32,4
"47187",305,28
"47189",170,12
"48001",150,10
"48003",30,0
"48005",367,39
"48013",67,6
"48015",32,0
"48017",25,0
"48021",8,0
"48023",27,0
"48025",40,8
"48027",1001,90
"48029",6439,505
"48031",274,70
"48035",25,0
"48037",679,58
"48039",183,16
"48041",579,48
"48043",25,3
"48049",77,12
"48051",15,0
"48053",25,4
"48055",57,0
"48057",25,6
"48061",1173,96
"48063",25,0
"48069",17,0
"48071",14,0
"48073",346,0
"48075",39,0
"48077",25,0
"48079",18,0
"48083",25,0
"48085",2114,107
"48087",13,0
"48089",61,0
"48091",192,16
"48093",25,0
"48095",16,0
"48097",54,5
"48099",153,4
"48103",25,0
"48107",25,0
"48109",14,0
"48111",21,0
"48113",7168,478
"48115",22,0
"48117",30,0
"48121",1294,85
"48123",69,3
"48127",25,0
"48133",36,0
"48135",510,30
"48139",166,18
"48141",2265,225
"48143",50,5
"48145",36,0
"48147",317,2
"48149",38,0
"48151",14,0
"48153",25,0
"48157",1062,114
"48161",37,0
"48163",24,0
"48165",25,0
"48167",723,0
"48171",57,10
"48177",34,0
"48179",97,8
"48181",615,62
"48183",644,57
"48185",18,0
"48187",117,9
"48189",69,5
"48193",42,0
"48195",14,0
"48197",24,0
"48201",13313,1071
"48203",149,42
"48207",25,0
"48209",391,42
"48211",15,0
"48213",127,10
"48215",1185,195
"48217",25,0
"48219",48,0
"48221",48,12
"48223",56,14
"48225",25,0
"48227",275,8
"48231",176,16
"48233",25,4
"48237",17,0
"48239",25,0
"48241",40,6
"48245",1387,88
"48249",72,8
"48251",346,35
"48253",7,0
"48255",25,0
"48257",351,8
"48265",302,12
"48267",15,0
"48273",50,10
"48275",28,0
"48277",154,20
"48279",42,0
"48281",25,0
"48285",25,0
"48291",41,0
"48293",69,6
"48299",71,8
"48303",1954,194
"48305",25,0
"48309",437,42
"48313",15,0
"48317",18,0
"48321",63,6
"48323",86,10
"48325",25,0
"48329",370,0
"48335",25,0
"48337",55,0
"48339",1194,113
"48341",19,3
"48347",297,27
"48349",49,9
"48353",39,5
"48355",1024,105
"48357",25,0
"48363",48,8
"48365",42,0
"48367",139,26
"48369",25,0
"48371",39,0
"48373",52,8
"48375",818,51
"48383",7,0
"48389",25,0
"48391",20,0
"48397",182,20
"48399",31,0
"48401",41,0
"48403",25,0
"48405",9,0
"48411",14,0
"48413",14,0
"48415",25,0
"48423",1632,211
"48425",16,0
"48427",48,0
"48429",14,0
"48433",20,0
"48435",12,0
"48437",20,0
"48439",5651,366
"48441",733,66
"48445",26,0
"48447",14,0
"48449",49,8
"48451",524,29
"48453",2859,301
"48457",25,0
"48461",26,0
"48463",21,6
"48465",47,7
"48469",570,35
"48471",90,6
"48475",21,0
"48477",50,5
"48479",515,56
"48481",26,4
"48483",41,0
"48485",793,12
"48487",66,0
"48491",569,30
"48493",44,4
"48495",19,0
"48497",49,21
"48499",48,0
"48501",24,0
"48503",50,0
"49001",30,0
"49003",56,0
"49005",152,14
"49007",49,6
"49011",310,22
"49013",35,4
"49017",15,0
"49019",17,0
"49021",48,6
"49023",25,0
"49025",25,0
"49027",37,0
"49035",2799,230
"49037",32,1
"49039",43,0
"49041",24,0
"49043",37,4
"49045",36,4
"49047",39,4
"49049",1187,122
"49051",19,0
"49053",164,32
"49057",457,64
"50001",25,0
"50003",78,10
"50005",25,4
"50007",415,21
"5001",74,0
"50011",53,0
"50015",25,0
"50017",25,2
"50019",25,5
"50021",124,13
"50023",101,14
"50025",185,0
"50027",50,0
"5003",25,6
"5005",170,17
"5007",311,30
"5009",120,24
"5011",25,0
"5015",40,0
"5017",35,0
"5019",25,0
"5021",25,0
"5023",25,0
"5027",30,6
"5029",25,0
"5031",553,66
"5033",35,8
"5035",63,0
"5037",15,0
"5039",22,0
"5041",50,0
"5043",49,5
"5045",355,25
"5047",25,0
"5049",25,0
"5051",423,41
"5055",114,8
"5057",67,8
"5059",64,6
"5061",20,0
"5063",184,12
"5065",25,0
"5069",271,34
"5071",57,8
"5075",25,0
"5081",25,0
"5083",40,0
"5091",50,0
"5093",149,5
"51001",46,10
"51003",825,26
"51005",95,10
"51013",305,32
"51015",209,8
"51017",14,0
"51027",49,12
"5103",82,8
"51041",450,94
"51047",70,6
"51051",2,0
"51057",67,7
"51059",2581,142
"51061",97,8
"51067",37,4
"5107",127,6
"51071",25,0
"51073",67,7
"51081",70,7
"51083",107,12
"51085",264,24
"51087",432,17
"51095",196,16
"51107",429,33
"51117",70,0
"51121",198,22
"51127",94,0
"5113",41,6
"51133",25,0
"51135",180,0
"51139",25,0
"51147",86,8
"5115",137,11
"51153",301,35
"51155",92,8
"51161",270,0
"51163",25,0
"51167",49,5
"51171",25,0
"51173",139,4
"51177",105,12
"51179",90,4
"51185",207,12
"51187",46,8
"5119",3647,144
"51191",115,14
"51195",68,8
"51197",92,6
"51199",110,0
"5121",32,2
"5123",56,6
"5125",130,16
"5127",24,0
"5131",779,69
"5137",25,0
"5139",111,16
"5141",25,0
"5143",836,61
"5145",272,13
"5149",55,0
"51510",339,40
"51515",34,6
"51520",25,0
"51550",310,28
"51590",367,34
"51620",75,8
"51630",479,0
"51640",141,10
"51650",251,24
"51660",238,34
"51670",107,17
"51680",394,37
"51700",605,34
"51710",1234,87
"51720",65,11
"51730",618,28
"51740",417,22
"51760",1402,97
"51770",621,36
"51775",330,24
"51790",132,0
"51800",155,12
"51810",487,38
"51830",80,10
"51840",389,48
"53001",28,0
"53003",25,0
"53005",416,44
"53007",221,20
"53009",78,19
"53011",746,96
"53013",25,0
"53015",166,18
"53019",25,0
"53021",25,0
"53023",25,0
"53025",123,12
"53027",59,8
"53029",30,6
"53031",50,6
"53033",4217,541
"53035",334,20
"53037",25,6
"53039",28,0
"53041",152,6
"53043",50,0
"53045",25,6
"53047",71,0
"53049",35,0
"53051",20,0
"53053",2401,197
"53055",10,0
"53057",205,6
"53061",863,72
"53063",1896,79
"53065",48,0
"53067",411,72
"53073",207,24
"53075",50,6
"53077",258,52
"54001",12,0
"54003",146,20
"54005",25,0
"54007",25,0
"54011",996,32
"54013",25,0
"54019",25,3
"54023",25,3
"54025",92,12
"54027",14,0
"54029",199,10
"54033",423,20
"54035",25,0
"54037",25,5
"54039",1137,100
"54041",220,6
"54045",132,12
"54047",49,7
"54049",89,14
"54051",59,9
"54053",94,5
"54055",206,17
"54057",25,4
"54059",27,6
"54061",890,91
"54065",25,0
"54067",49,6
"54069",317,22
"54075",25,0
"54077",25,0
"54081",413,27
"54083",90,0
"54087",25,0
"54089",25,0
"54091",25,0
"54095",25,0
"54097",25,4
"54099",80,0
"54101",25,0
"54103",48,5
"54107",270,18
"55001",25,0
"55003",25,0
"55005",90,5
"55009",828,56
"55013",25,0
"55015",25,0
"55017",151,6
"55019",25,0
"55021",68,10
"55023",24,0
"55025",1790,32
"55027",220,10
"55029",25,4
"55031",25,0
"55033",25,0
"55035",418,40
"55039",183,15
"55043",75,0
"55045",58,6
"55047",25,5
"55049",25,0
"55053",25,0
"55055",49,4
"55057",40,0
"55059",274,27
"55063",395,52
"55065",25,0
"55067",25,4
"55069",40,0
"55071",127,16
"55073",338,52
"55075",55,10
"55079",3152,455
"55081",50,0
"55083",32,0
"55085",52,20
"55087",441,64
"55089",246,46
"55091",25,0
"55093",25,0
"55095",70,3
"55097",84,12
"55099",24,4
"55101",343,33
"55103",25,4
"55105",367,33
"55107",25,4
"55109",75,0
"55111",104,10
"55113",25,0
"55115",25,0
"55117",189,13
"55119",25,0
"55121",43,0
"55123",50,0
"55125",64,10
"55127",79,16
"55129",45,0
"55131",105,12
"55133",710,64
"55135",50,4
"55137",25,0
"55139",687,60
"55141",291,4
"56001",66,4
"56003",22,0
"56005",66,14
"56007",25,6
"56009",25,0
"56011",16,0
"56013",133,12
"56015",25,0
"56017",25,0
"56019",22,0
"56021",200,15
"56023",35,0
"56025",372,14
"56027",24,0
"56029",50,4
"56031",25,0
"56033",71,11
"56037",74,10
"56039",48,6
"56041",105,6
"56043",18,0
"56045",12,0
"6001",3564,323
"6005",52,6
"6007",471,43
"6009",25,0
"6013",1636,163
"6015",39,6
"6017",189,28
"6019",2999,141
"6021",15,0
"6023",233,20
"6025",268,28
"6027",29,4
"6029",1497,137
"6031",142,22
"6033",50,8
"6035",25,0
"6037",22002,2004
"6039",464,52
"6041",441,30
"6043",18,0
"6045",100,14
"6047",242,24
"6049",20,0
"6051",17,2
"6053",709,47
"6055",318,48
"6057",129,10
"6059",5751,629
"6061",693,70
"6063",42,0
"6065",3434,365
"6067",3159,262
"6069",49,8
"6071",6221,350
"6073",6345,540
"6075",2784,293
"6077",1334,110
"6079",1685,54
"6081",1920,110
"6083",631,62
"6085",4252,283
"6087",354,22
"6089",571,81
"6093",50,8
"6095",1017,92
"6097",824,82
"6099",1380,74
"6101",30,0
"6103",65,8
"6105",25,0
"6107",746,65
"6109",84,6
"6111",1388,153
"6113",125,14
"6115",149,24
"72005",124,8
"72009",150,6
"72013",292,14
"72021",584,45
"72023",43,0
"72025",665,64
"72031",233,8
"72035",60,0
"72041",216,0
"72053",222,21
"72069",296,39
"72081",0,0
"72097",158,9
"72113",868,118
"72125",232,18
"72127",2058,224
"72141",7,0
"72145",130,6
"72153",84,11
"8001",1362,161
"8003",49,6
"8005",1181,127
"8007",11,0
"8009",15,0
"8013",665,66
"8014",92,20
"8015",25,2
"8017",11,0
"8021",17,0
"8029",49,6
"8031",2040,208
"8035",675,54
"8037",56,5
"8041",1294,91
"8043",25,4
"8045",53,5
"8049",21,0
"8051",20,0
"8055",16,0
"8059",486,46
"8061",25,0
"8063",19,0
"8065",8,0
"8067",94,11
"8069",620,43
"8071",25,0
"8073",15,0
"8075",25,4
"8077",399,30
"8081",25,0
"8083",25,4
"8085",50,8
"8087",61,6
"8089",0,0
"8095",40,0
"8097",25,4
"8099",25,0
"8101",494,17
"8103",35,0
"8105",17,0
"8107",39,4
"8115",9,0
"8117",34,8
"8119",15,0
"8123",367,22
"8125",30,0
"9001",1713,157
"9003",2948,216
"9005",157,21
"9007",736,24
"9009",1717,110
"9011",419,22
"9013",209,16
"9015",148,6
