"start.date"	"start.middate"	"state"	"window"	"b1"
"1"	"2020-03-12"	"2020-03-21"	"AK"	20	0.764842571088189
"2"	"2020-03-13"	"2020-03-22"	"AK"	20	0.696030928289027
"3"	"2020-03-14"	"2020-03-23"	"AK"	20	0.525371463687678
"4"	"2020-03-15"	"2020-03-24"	"AK"	20	0.455686426253327
"5"	"2020-03-16"	"2020-03-25"	"AK"	20	0.410640006433085
"6"	"2020-03-17"	"2020-03-26"	"AK"	20	0.360499478754917
"7"	"2020-03-18"	"2020-03-27"	"AK"	20	0.245700308949878
"8"	"2020-03-19"	"2020-03-28"	"AK"	20	0.171103456887391
"9"	"2020-03-20"	"2020-03-29"	"AK"	20	0.123430930868772
"10"	"2020-03-21"	"2020-03-30"	"AK"	20	0.0842856301969449
"11"	"2020-03-22"	"2020-03-31"	"AK"	20	0.0612112355092264
"12"	"2020-03-23"	"2020-04-01"	"AK"	20	0.109380591781392
"13"	"2020-03-24"	"2020-04-02"	"AK"	20	0.114445169173126
"14"	"2020-03-25"	"2020-04-03"	"AK"	20	0.177515786265496
"15"	"2020-03-26"	"2020-04-04"	"AK"	20	0.186022015642426
"16"	"2020-03-27"	"2020-04-05"	"AK"	20	0.210894635517444
"17"	"2020-03-28"	"2020-04-06"	"AK"	20	0.226760297259179
"18"	"2020-03-29"	"2020-04-07"	"AK"	20	0.204387676231265
"19"	"2020-03-30"	"2020-04-08"	"AK"	20	0.141234460732933
"20"	"2020-03-31"	"2020-04-09"	"AK"	20	0.127009606248994
"21"	"2020-04-01"	"2020-04-10"	"AK"	20	0.0860620164330191
"22"	"2020-04-02"	"2020-04-11"	"AK"	20	0.0284523629280084
"23"	"2020-04-03"	"2020-04-12"	"AK"	20	0
"24"	"2020-03-13"	"2020-03-22"	"AL"	20	0.814236709534758
"25"	"2020-03-14"	"2020-03-23"	"AL"	20	0.755195978781917
"26"	"2020-03-15"	"2020-03-24"	"AL"	20	0.646768966839249
"27"	"2020-03-16"	"2020-03-25"	"AL"	20	0.517426940217088
"28"	"2020-03-17"	"2020-03-26"	"AL"	20	0.406867214583953
"29"	"2020-03-18"	"2020-03-27"	"AL"	20	0.32710826267564
"30"	"2020-03-19"	"2020-03-28"	"AL"	20	0.297987324006998
"31"	"2020-03-20"	"2020-03-29"	"AL"	20	0.300645450157199
"32"	"2020-03-21"	"2020-03-30"	"AL"	20	0.311154132415555
"33"	"2020-03-22"	"2020-03-31"	"AL"	20	0.318194768694446
"34"	"2020-03-23"	"2020-04-01"	"AL"	20	0.300693080612172
"35"	"2020-03-24"	"2020-04-02"	"AL"	20	0.283817185280054
"36"	"2020-03-25"	"2020-04-03"	"AL"	20	0.319333333317498
"37"	"2020-03-26"	"2020-04-04"	"AL"	20	0.355128386218523
"38"	"2020-03-27"	"2020-04-05"	"AL"	20	0.362457154649423
"39"	"2020-03-28"	"2020-04-06"	"AL"	20	0.338830127550689
"40"	"2020-03-29"	"2020-04-07"	"AL"	20	0.311084698137995
"41"	"2020-03-30"	"2020-04-08"	"AL"	20	0.272007144562798
"42"	"2020-03-31"	"2020-04-09"	"AL"	20	0.206038972091408
"43"	"2020-04-01"	"2020-04-10"	"AL"	20	0.155475804062349
"44"	"2020-04-02"	"2020-04-11"	"AL"	20	0.117149886633379
"45"	"2020-04-03"	"2020-04-12"	"AL"	20	0.101836154065876
"46"	"2020-01-27"	"2020-02-05"	"AR"	20	9.70857316113544
"47"	"2020-01-28"	"2020-02-06"	"AR"	20	0.427737297724942
"48"	"2020-01-29"	"2020-02-07"	"AR"	20	0.298137432727062
"49"	"2020-01-30"	"2020-02-08"	"AR"	20	0
"50"	"2020-01-31"	"2020-02-09"	"AR"	20	0
"51"	"2020-02-01"	"2020-02-10"	"AR"	20	0
"52"	"2020-02-02"	"2020-02-11"	"AR"	20	0
"53"	"2020-02-03"	"2020-02-12"	"AR"	20	0
"54"	"2020-02-04"	"2020-02-13"	"AR"	20	0
"55"	"2020-02-05"	"2020-02-14"	"AR"	20	0
"56"	"2020-02-06"	"2020-02-15"	"AR"	20	0
"57"	"2020-02-07"	"2020-02-16"	"AR"	20	0
"58"	"2020-02-08"	"2020-02-17"	"AR"	20	0
"59"	"2020-02-09"	"2020-02-18"	"AR"	20	0
"60"	"2020-02-10"	"2020-02-19"	"AR"	20	0
"61"	"2020-02-11"	"2020-02-20"	"AR"	20	0
"62"	"2020-02-12"	"2020-02-21"	"AR"	20	0
"63"	"2020-02-13"	"2020-02-22"	"AR"	20	0
"64"	"2020-02-14"	"2020-02-23"	"AR"	20	0
"65"	"2020-02-15"	"2020-02-24"	"AR"	20	0
"66"	"2020-02-16"	"2020-02-25"	"AR"	20	0
"67"	"2020-02-17"	"2020-02-26"	"AR"	20	0
"68"	"2020-02-18"	"2020-02-27"	"AR"	20	0
"69"	"2020-02-19"	"2020-02-28"	"AR"	20	0
"70"	"2020-02-20"	"2020-02-29"	"AR"	20	0
"71"	"2020-02-21"	"2020-03-01"	"AR"	20	0
"72"	"2020-02-22"	"2020-03-02"	"AR"	20	0
"73"	"2020-02-23"	"2020-03-03"	"AR"	20	0
"74"	"2020-02-24"	"2020-03-04"	"AR"	20	0.124752066328832
"75"	"2020-02-25"	"2020-03-05"	"AR"	20	0.636883370489347
"76"	"2020-02-26"	"2020-03-06"	"AR"	20	1.17644064043865
"77"	"2020-02-27"	"2020-03-07"	"AR"	20	1.33664546031548
"78"	"2020-02-28"	"2020-03-08"	"AR"	20	1.5131706633225
"79"	"2020-02-29"	"2020-03-09"	"AR"	20	1.57154502427258
"80"	"2020-03-01"	"2020-03-10"	"AR"	20	1.60044375917876
"81"	"2020-03-02"	"2020-03-11"	"AR"	20	1.39060514558873
"82"	"2020-03-03"	"2020-03-12"	"AR"	20	1.29607259816467
"83"	"2020-03-04"	"2020-03-13"	"AR"	20	1.30536648929081
"84"	"2020-03-05"	"2020-03-14"	"AR"	20	1.33015262961954
"85"	"2020-03-06"	"2020-03-15"	"AR"	20	1.28537881585446
"86"	"2020-03-07"	"2020-03-16"	"AR"	20	1.16750837559126
"87"	"2020-03-08"	"2020-03-17"	"AR"	20	1.01589168198733
"88"	"2020-03-09"	"2020-03-18"	"AR"	20	0.859549984411308
"89"	"2020-03-10"	"2020-03-19"	"AR"	20	0.718549210892811
"90"	"2020-03-11"	"2020-03-20"	"AR"	20	0.604039310180352
"91"	"2020-03-12"	"2020-03-21"	"AR"	20	0.513609827135933
"92"	"2020-03-13"	"2020-03-22"	"AR"	20	0.42059955512304
"93"	"2020-03-14"	"2020-03-23"	"AR"	20	0.33172846296503
"94"	"2020-03-15"	"2020-03-24"	"AR"	20	0.248377289606485
"95"	"2020-03-16"	"2020-03-25"	"AR"	20	0.183720983746777
"96"	"2020-03-17"	"2020-03-26"	"AR"	20	0.138839359137408
"97"	"2020-03-18"	"2020-03-27"	"AR"	20	0.115671885723481
"98"	"2020-03-19"	"2020-03-28"	"AR"	20	0.118305875969861
"99"	"2020-03-20"	"2020-03-29"	"AR"	20	0.126607403401972
"100"	"2020-03-21"	"2020-03-30"	"AR"	20	0.0970631025719658
"101"	"2020-03-22"	"2020-03-31"	"AR"	20	0.100117022204367
"102"	"2020-03-23"	"2020-04-01"	"AR"	20	0.0903716609799268
"103"	"2020-03-24"	"2020-04-02"	"AR"	20	0.0968733829209432
"104"	"2020-03-25"	"2020-04-03"	"AR"	20	0.150691423137614
"105"	"2020-03-26"	"2020-04-04"	"AR"	20	0.139549461266925
"106"	"2020-03-27"	"2020-04-05"	"AR"	20	0.120487756125527
"107"	"2020-03-28"	"2020-04-06"	"AR"	20	0.0696415505535398
"108"	"2020-03-29"	"2020-04-07"	"AR"	20	0.0329037871672309
"109"	"2020-03-30"	"2020-04-08"	"AR"	20	0.0270344966117678
"110"	"2020-03-31"	"2020-04-09"	"AR"	20	0.0417897604743886
"111"	"2020-04-01"	"2020-04-10"	"AR"	20	0.0673182169625506
"112"	"2020-04-02"	"2020-04-11"	"AR"	20	0.071511898795499
"113"	"2020-04-03"	"2020-04-12"	"AR"	20	0.0482285802320876
"114"	"2020-01-26"	"2020-02-04"	"AZ"	20	0
"115"	"2020-01-27"	"2020-02-05"	"AZ"	20	0
"116"	"2020-01-28"	"2020-02-06"	"AZ"	20	0
"117"	"2020-01-29"	"2020-02-07"	"AZ"	20	0
"118"	"2020-01-30"	"2020-02-08"	"AZ"	20	0
"119"	"2020-01-31"	"2020-02-09"	"AZ"	20	0
"120"	"2020-02-01"	"2020-02-10"	"AZ"	20	0
"121"	"2020-02-02"	"2020-02-11"	"AZ"	20	0
"122"	"2020-02-03"	"2020-02-12"	"AZ"	20	0
"123"	"2020-02-04"	"2020-02-13"	"AZ"	20	0
"124"	"2020-02-05"	"2020-02-14"	"AZ"	20	0
"125"	"2020-02-06"	"2020-02-15"	"AZ"	20	0
"126"	"2020-02-07"	"2020-02-16"	"AZ"	20	0
"127"	"2020-02-08"	"2020-02-17"	"AZ"	20	0
"128"	"2020-02-09"	"2020-02-18"	"AZ"	20	0
"129"	"2020-02-10"	"2020-02-19"	"AZ"	20	0
"130"	"2020-02-11"	"2020-02-20"	"AZ"	20	0
"131"	"2020-02-12"	"2020-02-21"	"AZ"	20	0
"132"	"2020-02-13"	"2020-02-22"	"AZ"	20	0
"133"	"2020-02-14"	"2020-02-23"	"AZ"	20	0
"134"	"2020-02-15"	"2020-02-24"	"AZ"	20	0
"135"	"2020-02-16"	"2020-02-25"	"AZ"	20	0
"136"	"2020-02-17"	"2020-02-26"	"AZ"	20	0
"137"	"2020-02-18"	"2020-02-27"	"AZ"	20	0.393421254488256
"138"	"2020-02-19"	"2020-02-28"	"AZ"	20	1.1063315917346
"139"	"2020-02-20"	"2020-02-29"	"AZ"	20	1.59323144285339
"140"	"2020-02-21"	"2020-03-01"	"AZ"	20	1.76011657072728
"141"	"2020-02-22"	"2020-03-02"	"AZ"	20	1.85248890994712
"142"	"2020-02-23"	"2020-03-03"	"AZ"	20	1.83177919723057
"143"	"2020-02-24"	"2020-03-04"	"AZ"	20	1.57620647569098
"144"	"2020-02-25"	"2020-03-05"	"AZ"	20	1.24160562155016
"145"	"2020-02-26"	"2020-03-06"	"AZ"	20	0.96836542046466
"146"	"2020-02-27"	"2020-03-07"	"AZ"	20	0.741770272927688
"147"	"2020-02-28"	"2020-03-08"	"AZ"	20	0.551751402656943
"148"	"2020-02-29"	"2020-03-09"	"AZ"	20	0.404724641850657
"149"	"2020-03-01"	"2020-03-10"	"AZ"	20	0.322305830480849
"150"	"2020-03-02"	"2020-03-11"	"AZ"	20	0.352973087181879
"151"	"2020-03-03"	"2020-03-12"	"AZ"	20	0.548004684033936
"152"	"2020-03-04"	"2020-03-13"	"AZ"	20	0.899946159880662
"153"	"2020-03-05"	"2020-03-14"	"AZ"	20	1.29258530562701
"154"	"2020-03-06"	"2020-03-15"	"AZ"	20	1.62568814213158
"155"	"2020-03-07"	"2020-03-16"	"AZ"	20	1.76651053592648
"156"	"2020-03-08"	"2020-03-17"	"AZ"	20	1.66337213252372
"157"	"2020-03-09"	"2020-03-18"	"AZ"	20	1.52863401423562
"158"	"2020-03-10"	"2020-03-19"	"AZ"	20	1.32806068328864
"159"	"2020-03-11"	"2020-03-20"	"AZ"	20	1.16714469007243
"160"	"2020-03-12"	"2020-03-21"	"AZ"	20	0.990129107118464
"161"	"2020-03-13"	"2020-03-22"	"AZ"	20	0.842016148707069
"162"	"2020-03-14"	"2020-03-23"	"AZ"	20	0.723366577121528
"163"	"2020-03-15"	"2020-03-24"	"AZ"	20	0.618094415274762
"164"	"2020-03-16"	"2020-03-25"	"AZ"	20	0.534408818089068
"165"	"2020-03-17"	"2020-03-26"	"AZ"	20	0.4467252268638
"166"	"2020-03-18"	"2020-03-27"	"AZ"	20	0.365201580912637
"167"	"2020-03-19"	"2020-03-28"	"AZ"	20	0.29387319374334
"168"	"2020-03-20"	"2020-03-29"	"AZ"	20	0.231824340841659
"169"	"2020-03-21"	"2020-03-30"	"AZ"	20	0.194246113211024
"170"	"2020-03-22"	"2020-03-31"	"AZ"	20	0.170660515493872
"171"	"2020-03-23"	"2020-04-01"	"AZ"	20	0.15907016484996
"172"	"2020-03-24"	"2020-04-02"	"AZ"	20	0.137242959434091
"173"	"2020-03-25"	"2020-04-03"	"AZ"	20	0.0951056200833649
"174"	"2020-03-26"	"2020-04-04"	"AZ"	20	0.056916277343835
"175"	"2020-03-27"	"2020-04-05"	"AZ"	20	0.0351656215802818
"176"	"2020-03-28"	"2020-04-06"	"AZ"	20	0.0105962993349936
"177"	"2020-03-29"	"2020-04-07"	"AZ"	20	0.00131349326376194
"178"	"2020-03-30"	"2020-04-08"	"AZ"	20	0.0111069208237567
"179"	"2020-03-31"	"2020-04-09"	"AZ"	20	0
"180"	"2020-04-01"	"2020-04-10"	"AZ"	20	0
"181"	"2020-04-02"	"2020-04-11"	"AZ"	20	0
"182"	"2020-04-03"	"2020-04-12"	"AZ"	20	0
"183"	"2020-01-26"	"2020-02-04"	"CA"	20	0
"184"	"2020-01-27"	"2020-02-05"	"CA"	20	0
"185"	"2020-01-28"	"2020-02-06"	"CA"	20	0
"186"	"2020-01-29"	"2020-02-07"	"CA"	20	0.0265751496477345
"187"	"2020-01-30"	"2020-02-08"	"CA"	20	0.197542777089939
"188"	"2020-01-31"	"2020-02-09"	"CA"	20	0.244476684711282
"189"	"2020-02-01"	"2020-02-10"	"CA"	20	0.189259506743333
"190"	"2020-02-02"	"2020-02-11"	"CA"	20	0.0831369391617696
"191"	"2020-02-03"	"2020-02-12"	"CA"	20	0.242113794062285
"192"	"2020-02-04"	"2020-02-13"	"CA"	20	0.258828978853819
"193"	"2020-02-05"	"2020-02-14"	"CA"	20	0.257842669735928
"194"	"2020-02-06"	"2020-02-15"	"CA"	20	0.33167901408787
"195"	"2020-02-07"	"2020-02-16"	"CA"	20	0.385872428811515
"196"	"2020-02-08"	"2020-02-17"	"CA"	20	0.428205223818044
"197"	"2020-02-09"	"2020-02-18"	"CA"	20	0.434591420602202
"198"	"2020-02-10"	"2020-02-19"	"CA"	20	0.425485634681431
"199"	"2020-02-11"	"2020-02-20"	"CA"	20	0.413437946931767
"200"	"2020-02-12"	"2020-02-21"	"CA"	20	0.384206059693959
"201"	"2020-02-13"	"2020-02-22"	"CA"	20	0.373944641630309
"202"	"2020-02-14"	"2020-02-23"	"CA"	20	0.405348427771407
"203"	"2020-02-15"	"2020-02-24"	"CA"	20	0.44058673678085
"204"	"2020-02-16"	"2020-02-25"	"CA"	20	0.476874133703742
"205"	"2020-02-17"	"2020-02-26"	"CA"	20	0.5235410296796
"206"	"2020-02-18"	"2020-02-27"	"CA"	20	0.533692266213803
"207"	"2020-02-19"	"2020-02-28"	"CA"	20	0.604271333075787
"208"	"2020-02-20"	"2020-02-29"	"CA"	20	0.681473568511748
"209"	"2020-02-21"	"2020-03-01"	"CA"	20	0.717661339317393
"210"	"2020-02-22"	"2020-03-02"	"CA"	20	0.791005688724494
"211"	"2020-02-23"	"2020-03-03"	"CA"	20	0.829179217324979
"212"	"2020-02-24"	"2020-03-04"	"CA"	20	0.866967280661223
"213"	"2020-02-25"	"2020-03-05"	"CA"	20	0.880002961949451
"214"	"2020-02-26"	"2020-03-06"	"CA"	20	0.882299084296761
"215"	"2020-02-27"	"2020-03-07"	"CA"	20	0.798724050709506
"216"	"2020-02-28"	"2020-03-08"	"CA"	20	0.707806613935661
"217"	"2020-02-29"	"2020-03-09"	"CA"	20	0.645509769472426
"218"	"2020-03-01"	"2020-03-10"	"CA"	20	0.599050613051999
"219"	"2020-03-02"	"2020-03-11"	"CA"	20	0.60249637421957
"220"	"2020-03-03"	"2020-03-12"	"CA"	20	0.604373496178782
"221"	"2020-03-04"	"2020-03-13"	"CA"	20	0.614836749198818
"222"	"2020-03-05"	"2020-03-14"	"CA"	20	0.603585152161301
"223"	"2020-03-06"	"2020-03-15"	"CA"	20	0.578619427379615
"224"	"2020-03-07"	"2020-03-16"	"CA"	20	0.566132286014406
"225"	"2020-03-08"	"2020-03-17"	"CA"	20	0.525951093910666
"226"	"2020-03-09"	"2020-03-18"	"CA"	20	0.534811492994776
"227"	"2020-03-10"	"2020-03-19"	"CA"	20	0.528955297504039
"228"	"2020-03-11"	"2020-03-20"	"CA"	20	0.573030478234705
"229"	"2020-03-12"	"2020-03-21"	"CA"	20	0.570769667877342
"230"	"2020-03-13"	"2020-03-22"	"CA"	20	0.565132004555897
"231"	"2020-03-14"	"2020-03-23"	"CA"	20	0.548388285364448
"232"	"2020-03-15"	"2020-03-24"	"CA"	20	0.510562065470254
"233"	"2020-03-16"	"2020-03-25"	"CA"	20	0.460529815045297
"234"	"2020-03-17"	"2020-03-26"	"CA"	20	0.423244389972582
"235"	"2020-03-18"	"2020-03-27"	"CA"	20	0.392379541301046
"236"	"2020-03-19"	"2020-03-28"	"CA"	20	0.369646405802443
"237"	"2020-03-20"	"2020-03-29"	"CA"	20	0.349015253163353
"238"	"2020-03-21"	"2020-03-30"	"CA"	20	0.30841805712722
"239"	"2020-03-22"	"2020-03-31"	"CA"	20	0.264609424914706
"240"	"2020-03-23"	"2020-04-01"	"CA"	20	0.224972721671211
"241"	"2020-03-24"	"2020-04-02"	"CA"	20	0.175609570354094
"242"	"2020-03-25"	"2020-04-03"	"CA"	20	0.134350190068092
"243"	"2020-03-26"	"2020-04-04"	"CA"	20	0.110870543443502
"244"	"2020-03-27"	"2020-04-05"	"CA"	20	0.0869824896067156
"245"	"2020-03-28"	"2020-04-06"	"CA"	20	0.0593439162418961
"246"	"2020-03-29"	"2020-04-07"	"CA"	20	0.0214373602246233
"247"	"2020-03-30"	"2020-04-08"	"CA"	20	0
"248"	"2020-03-31"	"2020-04-09"	"CA"	20	0
"249"	"2020-04-01"	"2020-04-10"	"CA"	20	0
"250"	"2020-04-02"	"2020-04-11"	"CA"	20	0
"251"	"2020-04-03"	"2020-04-12"	"CA"	20	0.015674200968017
"252"	"2020-03-06"	"2020-03-15"	"CO"	20	0.648910271305952
"253"	"2020-03-07"	"2020-03-16"	"CO"	20	0.482179281063344
"254"	"2020-03-08"	"2020-03-17"	"CO"	20	0.361642173239453
"255"	"2020-03-09"	"2020-03-18"	"CO"	20	0.305725621562362
"256"	"2020-03-10"	"2020-03-19"	"CO"	20	0.320500972234958
"257"	"2020-03-11"	"2020-03-20"	"CO"	20	0.346085944447869
"258"	"2020-03-12"	"2020-03-21"	"CO"	20	0.371914343140882
"259"	"2020-03-13"	"2020-03-22"	"CO"	20	0.398441566399324
"260"	"2020-03-14"	"2020-03-23"	"CO"	20	0.435260102180105
"261"	"2020-03-15"	"2020-03-24"	"CO"	20	0.464395239654417
"262"	"2020-03-16"	"2020-03-25"	"CO"	20	0.48532514480294
"263"	"2020-03-17"	"2020-03-26"	"CO"	20	0.464422146138236
"264"	"2020-03-18"	"2020-03-27"	"CO"	20	0.379289839087092
"265"	"2020-03-19"	"2020-03-28"	"CO"	20	0.34550965389514
"266"	"2020-03-20"	"2020-03-29"	"CO"	20	0.313200445457967
"267"	"2020-03-21"	"2020-03-30"	"CO"	20	0.285453353320835
"268"	"2020-03-22"	"2020-03-31"	"CO"	20	0.246742631299046
"269"	"2020-03-23"	"2020-04-01"	"CO"	20	0.196825609681488
"270"	"2020-03-24"	"2020-04-02"	"CO"	20	0.147491742027593
"271"	"2020-03-25"	"2020-04-03"	"CO"	20	0.0907255559543359
"272"	"2020-03-26"	"2020-04-04"	"CO"	20	0.0651489872136517
"273"	"2020-03-27"	"2020-04-05"	"CO"	20	0.0440162080136086
"274"	"2020-03-28"	"2020-04-06"	"CO"	20	0.0386593402816611
"275"	"2020-03-29"	"2020-04-07"	"CO"	20	0.0247233975957317
"276"	"2020-03-30"	"2020-04-08"	"CO"	20	0.018952937010494
"277"	"2020-03-31"	"2020-04-09"	"CO"	20	0.0156346951786459
"278"	"2020-04-01"	"2020-04-10"	"CO"	20	0.0318271156465563
"279"	"2020-04-02"	"2020-04-11"	"CO"	20	0.0847620267886337
"280"	"2020-04-03"	"2020-04-12"	"CO"	20	0.186259851150642
"281"	"2020-03-09"	"2020-03-18"	"CT"	20	1.01965258912608
"282"	"2020-03-10"	"2020-03-19"	"CT"	20	0.645360981667785
"283"	"2020-03-11"	"2020-03-20"	"CT"	20	0.493333149261163
"284"	"2020-03-12"	"2020-03-21"	"CT"	20	0.454427503968231
"285"	"2020-03-13"	"2020-03-22"	"CT"	20	0.468259747767698
"286"	"2020-03-14"	"2020-03-23"	"CT"	20	0.484227475572567
"287"	"2020-03-15"	"2020-03-24"	"CT"	20	0.511564474672514
"288"	"2020-03-16"	"2020-03-25"	"CT"	20	0.536685368361539
"289"	"2020-03-17"	"2020-03-26"	"CT"	20	0.55656725632205
"290"	"2020-03-18"	"2020-03-27"	"CT"	20	0.568426170044107
"291"	"2020-03-19"	"2020-03-28"	"CT"	20	0.564988221926709
"292"	"2020-03-20"	"2020-03-29"	"CT"	20	0.505212448162976
"293"	"2020-03-21"	"2020-03-30"	"CT"	20	0.429929608474832
"294"	"2020-03-22"	"2020-03-31"	"CT"	20	0.389639355251258
"295"	"2020-03-23"	"2020-04-01"	"CT"	20	0.360887056150616
"296"	"2020-03-24"	"2020-04-02"	"CT"	20	0.363590854515565
"297"	"2020-03-25"	"2020-04-03"	"CT"	20	0.372715487628946
"298"	"2020-03-26"	"2020-04-04"	"CT"	20	0.347941244576695
"299"	"2020-03-27"	"2020-04-05"	"CT"	20	0.322170857662975
"300"	"2020-03-28"	"2020-04-06"	"CT"	20	0.271923351134469
"301"	"2020-03-29"	"2020-04-07"	"CT"	20	0.235234853852323
"302"	"2020-03-30"	"2020-04-08"	"CT"	20	0.204771844073205
"303"	"2020-03-31"	"2020-04-09"	"CT"	20	0.175482922537189
"304"	"2020-04-01"	"2020-04-10"	"CT"	20	0.142083928083749
"305"	"2020-04-02"	"2020-04-11"	"CT"	20	0.103294651126584
"306"	"2020-04-03"	"2020-04-12"	"CT"	20	0.122848356164916
"307"	"2020-03-08"	"2020-03-17"	"DC"	20	0.770471132847253
"308"	"2020-03-09"	"2020-03-18"	"DC"	20	0.741477192340893
"309"	"2020-03-10"	"2020-03-19"	"DC"	20	0.584515271921038
"310"	"2020-03-11"	"2020-03-20"	"DC"	20	0.511791927909346
"311"	"2020-03-12"	"2020-03-21"	"DC"	20	0.49341341354294
"312"	"2020-03-13"	"2020-03-22"	"DC"	20	0.491586683148991
"313"	"2020-03-14"	"2020-03-23"	"DC"	20	0.484409958365826
"314"	"2020-03-15"	"2020-03-24"	"DC"	20	0.486169647259054
"315"	"2020-03-16"	"2020-03-25"	"DC"	20	0.481458867685944
"316"	"2020-03-17"	"2020-03-26"	"DC"	20	0.461243973180798
"317"	"2020-03-18"	"2020-03-27"	"DC"	20	0.424251803224692
"318"	"2020-03-19"	"2020-03-28"	"DC"	20	0.426143281465179
"319"	"2020-03-20"	"2020-03-29"	"DC"	20	0.374385600211029
"320"	"2020-03-21"	"2020-03-30"	"DC"	20	0.371378171182831
"321"	"2020-03-22"	"2020-03-31"	"DC"	20	0.38020658747264
"322"	"2020-03-23"	"2020-04-01"	"DC"	20	0.391543283235897
"323"	"2020-03-24"	"2020-04-02"	"DC"	20	0.417949038592643
"324"	"2020-03-25"	"2020-04-03"	"DC"	20	0.417720834130856
"325"	"2020-03-26"	"2020-04-04"	"DC"	20	0.39709907168099
"326"	"2020-03-27"	"2020-04-05"	"DC"	20	0.355491445356556
"327"	"2020-03-28"	"2020-04-06"	"DC"	20	0.298585723552313
"328"	"2020-03-29"	"2020-04-07"	"DC"	20	0.242575649951865
"329"	"2020-03-30"	"2020-04-08"	"DC"	20	0.201410565912081
"330"	"2020-03-31"	"2020-04-09"	"DC"	20	0.163841014206446
"331"	"2020-04-01"	"2020-04-10"	"DC"	20	0.0975188639066112
"332"	"2020-04-02"	"2020-04-11"	"DC"	20	0.0964084842236619
"333"	"2020-04-03"	"2020-04-12"	"DC"	20	0.133187232656319
"334"	"2020-03-12"	"2020-03-21"	"DE"	20	0.585095836085617
"335"	"2020-03-13"	"2020-03-22"	"DE"	20	0.553910997251851
"336"	"2020-03-14"	"2020-03-23"	"DE"	20	0.547476432970995
"337"	"2020-03-15"	"2020-03-24"	"DE"	20	0.533188635845882
"338"	"2020-03-16"	"2020-03-25"	"DE"	20	0.506249230900222
"339"	"2020-03-17"	"2020-03-26"	"DE"	20	0.501590645399664
"340"	"2020-03-18"	"2020-03-27"	"DE"	20	0.478882617524395
"341"	"2020-03-19"	"2020-03-28"	"DE"	20	0.441623193893427
"342"	"2020-03-20"	"2020-03-29"	"DE"	20	0.444261220485965
"343"	"2020-03-21"	"2020-03-30"	"DE"	20	0.462771901520207
"344"	"2020-03-22"	"2020-03-31"	"DE"	20	0.51120609373012
"345"	"2020-03-23"	"2020-04-01"	"DE"	20	0.592527708571101
"346"	"2020-03-24"	"2020-04-02"	"DE"	20	0.600151227495018
"347"	"2020-03-25"	"2020-04-03"	"DE"	20	0.56822693192105
"348"	"2020-03-26"	"2020-04-04"	"DE"	20	0.490015952536693
"349"	"2020-03-27"	"2020-04-05"	"DE"	20	0.454536996119386
"350"	"2020-03-28"	"2020-04-06"	"DE"	20	0.405629835919849
"351"	"2020-03-29"	"2020-04-07"	"DE"	20	0.326623240508362
"352"	"2020-03-30"	"2020-04-08"	"DE"	20	0.266968668927346
"353"	"2020-03-31"	"2020-04-09"	"DE"	20	0.226650050185812
"354"	"2020-04-01"	"2020-04-10"	"DE"	20	0.181554646867667
"355"	"2020-04-02"	"2020-04-11"	"DE"	20	0.125600765406743
"356"	"2020-04-03"	"2020-04-12"	"DE"	20	0.091816416157814
"357"	"2020-03-02"	"2020-03-11"	"FL"	20	1.019654003431
"358"	"2020-03-03"	"2020-03-12"	"FL"	20	0.489036570875206
"359"	"2020-03-04"	"2020-03-13"	"FL"	20	0.257264930900676
"360"	"2020-03-05"	"2020-03-14"	"FL"	20	0.144101635143646
"361"	"2020-03-06"	"2020-03-15"	"FL"	20	0.277899652976791
"362"	"2020-03-07"	"2020-03-16"	"FL"	20	0.311188561393062
"363"	"2020-03-08"	"2020-03-17"	"FL"	20	0.352764320163545
"364"	"2020-03-09"	"2020-03-18"	"FL"	20	0.388119088177645
"365"	"2020-03-10"	"2020-03-19"	"FL"	20	0.419536359423826
"366"	"2020-03-11"	"2020-03-20"	"FL"	20	0.464653096339309
"367"	"2020-03-12"	"2020-03-21"	"FL"	20	0.52005009241824
"368"	"2020-03-13"	"2020-03-22"	"FL"	20	0.567365226564112
"369"	"2020-03-14"	"2020-03-23"	"FL"	20	0.613641642855081
"370"	"2020-03-15"	"2020-03-24"	"FL"	20	0.63143835156862
"371"	"2020-03-16"	"2020-03-25"	"FL"	20	0.649150498915316
"372"	"2020-03-17"	"2020-03-26"	"FL"	20	0.61227561857579
"373"	"2020-03-18"	"2020-03-27"	"FL"	20	0.541926381309653
"374"	"2020-03-19"	"2020-03-28"	"FL"	20	0.478168656392072
"375"	"2020-03-20"	"2020-03-29"	"FL"	20	0.437906789276119
"376"	"2020-03-21"	"2020-03-30"	"FL"	20	0.380117674672607
"377"	"2020-03-22"	"2020-03-31"	"FL"	20	0.3310326035673
"378"	"2020-03-23"	"2020-04-01"	"FL"	20	0.270450782631544
"379"	"2020-03-24"	"2020-04-02"	"FL"	20	0.204196848798431
"380"	"2020-03-25"	"2020-04-03"	"FL"	20	0.164157453556646
"381"	"2020-03-26"	"2020-04-04"	"FL"	20	0.120787485703915
"382"	"2020-03-27"	"2020-04-05"	"FL"	20	0.0979689461760036
"383"	"2020-03-28"	"2020-04-06"	"FL"	20	0.0809518352300728
"384"	"2020-03-29"	"2020-04-07"	"FL"	20	0.0664750574971607
"385"	"2020-03-30"	"2020-04-08"	"FL"	20	0.041606373718994
"386"	"2020-03-31"	"2020-04-09"	"FL"	20	0.025956321166604
"387"	"2020-04-01"	"2020-04-10"	"FL"	20	0
"388"	"2020-04-02"	"2020-04-11"	"FL"	20	0.00107308514748633
"389"	"2020-04-03"	"2020-04-12"	"FL"	20	0.00274081939751706
"390"	"2020-03-03"	"2020-03-12"	"GA"	20	0.866691559924741
"391"	"2020-03-04"	"2020-03-13"	"GA"	20	0.517052588594906
"392"	"2020-03-05"	"2020-03-14"	"GA"	20	0.325926708688565
"393"	"2020-03-06"	"2020-03-15"	"GA"	20	0.257322515914589
"394"	"2020-03-07"	"2020-03-16"	"GA"	20	0.368482463560502
"395"	"2020-03-08"	"2020-03-17"	"GA"	20	0.3900260314412
"396"	"2020-03-09"	"2020-03-18"	"GA"	20	0.405814714905347
"397"	"2020-03-10"	"2020-03-19"	"GA"	20	0.433761745467749
"398"	"2020-03-11"	"2020-03-20"	"GA"	20	0.4762429031052
"399"	"2020-03-12"	"2020-03-21"	"GA"	20	0.516691399548867
"400"	"2020-03-13"	"2020-03-22"	"GA"	20	0.560552699143214
"401"	"2020-03-14"	"2020-03-23"	"GA"	20	0.589985453113761
"402"	"2020-03-15"	"2020-03-24"	"GA"	20	0.594586531112435
"403"	"2020-03-16"	"2020-03-25"	"GA"	20	0.544499545089955
"404"	"2020-03-17"	"2020-03-26"	"GA"	20	0.510123151376444
"405"	"2020-03-18"	"2020-03-27"	"GA"	20	0.502718088220866
"406"	"2020-03-19"	"2020-03-28"	"GA"	20	0.489934488611583
"407"	"2020-03-20"	"2020-03-29"	"GA"	20	0.467779951876766
"408"	"2020-03-21"	"2020-03-30"	"GA"	20	0.383230315427341
"409"	"2020-03-22"	"2020-03-31"	"GA"	20	0.295497743321453
"410"	"2020-03-23"	"2020-04-01"	"GA"	20	0.247540754607069
"411"	"2020-03-24"	"2020-04-02"	"GA"	20	0.252257036344544
"412"	"2020-03-25"	"2020-04-03"	"GA"	20	0.281407959041607
"413"	"2020-03-26"	"2020-04-04"	"GA"	20	0.296719130225593
"414"	"2020-03-27"	"2020-04-05"	"GA"	20	0.307085649395436
"415"	"2020-03-28"	"2020-04-06"	"GA"	20	0.239682271570405
"416"	"2020-03-29"	"2020-04-07"	"GA"	20	0.155260044228714
"417"	"2020-03-30"	"2020-04-08"	"GA"	20	0.0823976910451267
"418"	"2020-03-31"	"2020-04-09"	"GA"	20	0.078267596934725
"419"	"2020-04-01"	"2020-04-10"	"GA"	20	0.0679744373979482
"420"	"2020-04-02"	"2020-04-11"	"GA"	20	0.0826056794784275
"421"	"2020-04-03"	"2020-04-12"	"GA"	20	0.0857388945613212
"422"	"2020-03-07"	"2020-03-16"	"HI"	20	1.09386901170551
"423"	"2020-03-08"	"2020-03-17"	"HI"	20	0.591161072747564
"424"	"2020-03-09"	"2020-03-18"	"HI"	20	0.40270907008267
"425"	"2020-03-10"	"2020-03-19"	"HI"	20	0.359505606313365
"426"	"2020-03-11"	"2020-03-20"	"HI"	20	0.355439741594066
"427"	"2020-03-12"	"2020-03-21"	"HI"	20	0.361654549144616
"428"	"2020-03-13"	"2020-03-22"	"HI"	20	0.37719309573728
"429"	"2020-03-14"	"2020-03-23"	"HI"	20	0.389885994958769
"430"	"2020-03-15"	"2020-03-24"	"HI"	20	0.395604850934056
"431"	"2020-03-16"	"2020-03-25"	"HI"	20	0.404846572234982
"432"	"2020-03-17"	"2020-03-26"	"HI"	20	0.413814997275242
"433"	"2020-03-18"	"2020-03-27"	"HI"	20	0.419901613974547
"434"	"2020-03-19"	"2020-03-28"	"HI"	20	0.408567122691026
"435"	"2020-03-20"	"2020-03-29"	"HI"	20	0.388667230330474
"436"	"2020-03-21"	"2020-03-30"	"HI"	20	0.348616748653121
"437"	"2020-03-22"	"2020-03-31"	"HI"	20	0.290147478258873
"438"	"2020-03-23"	"2020-04-01"	"HI"	20	0.234882999885176
"439"	"2020-03-24"	"2020-04-02"	"HI"	20	0.190891036844566
"440"	"2020-03-25"	"2020-04-03"	"HI"	20	0.138417878675051
"441"	"2020-03-26"	"2020-04-04"	"HI"	20	0.0640177899065977
"442"	"2020-03-27"	"2020-04-05"	"HI"	20	0.0158941626801768
"443"	"2020-03-28"	"2020-04-06"	"HI"	20	0.0159375173895825
"444"	"2020-03-29"	"2020-04-07"	"HI"	20	0
"445"	"2020-03-30"	"2020-04-08"	"HI"	20	0
"446"	"2020-03-31"	"2020-04-09"	"HI"	20	0
"447"	"2020-04-01"	"2020-04-10"	"HI"	20	0
"448"	"2020-04-02"	"2020-04-11"	"HI"	20	0
"449"	"2020-04-03"	"2020-04-12"	"HI"	20	0
"450"	"2020-03-09"	"2020-03-18"	"IA"	20	0.766104645949011
"451"	"2020-03-10"	"2020-03-19"	"IA"	20	0.607079972724557
"452"	"2020-03-11"	"2020-03-20"	"IA"	20	0.486402766386983
"453"	"2020-03-12"	"2020-03-21"	"IA"	20	0.427361828424497
"454"	"2020-03-13"	"2020-03-22"	"IA"	20	0.422988333040675
"455"	"2020-03-14"	"2020-03-23"	"IA"	20	0.441998318723967
"456"	"2020-03-15"	"2020-03-24"	"IA"	20	0.459205110324857
"457"	"2020-03-16"	"2020-03-25"	"IA"	20	0.492982041006152
"458"	"2020-03-17"	"2020-03-26"	"IA"	20	0.506914703735961
"459"	"2020-03-18"	"2020-03-27"	"IA"	20	0.510868305150057
"460"	"2020-03-19"	"2020-03-28"	"IA"	20	0.493960170772094
"461"	"2020-03-20"	"2020-03-29"	"IA"	20	0.403740916931664
"462"	"2020-03-21"	"2020-03-30"	"IA"	20	0.370018428167093
"463"	"2020-03-22"	"2020-03-31"	"IA"	20	0.338202837817109
"464"	"2020-03-23"	"2020-04-01"	"IA"	20	0.300995599407537
"465"	"2020-03-24"	"2020-04-02"	"IA"	20	0.270365089654116
"466"	"2020-03-25"	"2020-04-03"	"IA"	20	0.249241055242877
"467"	"2020-03-26"	"2020-04-04"	"IA"	20	0.241274246307306
"468"	"2020-03-27"	"2020-04-05"	"IA"	20	0.251138378521077
"469"	"2020-03-28"	"2020-04-06"	"IA"	20	0.259172833143178
"470"	"2020-03-29"	"2020-04-07"	"IA"	20	0.235070072344294
"471"	"2020-03-30"	"2020-04-08"	"IA"	20	0.243603898515157
"472"	"2020-03-31"	"2020-04-09"	"IA"	20	0.237784936607095
"473"	"2020-04-01"	"2020-04-10"	"IA"	20	0.222571422086193
"474"	"2020-04-02"	"2020-04-11"	"IA"	20	0.225573217613426
"475"	"2020-04-03"	"2020-04-12"	"IA"	20	0.250566145924062
"476"	"2020-03-14"	"2020-03-23"	"ID"	20	0.933476497516412
"477"	"2020-03-15"	"2020-03-24"	"ID"	20	0.538150254591072
"478"	"2020-03-16"	"2020-03-25"	"ID"	20	0.387256542304309
"479"	"2020-03-17"	"2020-03-26"	"ID"	20	0.341022010912934
"480"	"2020-03-18"	"2020-03-27"	"ID"	20	0.319917738765752
"481"	"2020-03-19"	"2020-03-28"	"ID"	20	0.344517917310446
"482"	"2020-03-20"	"2020-03-29"	"ID"	20	0.389256989823328
"483"	"2020-03-21"	"2020-03-30"	"ID"	20	0.411330824842612
"484"	"2020-03-22"	"2020-03-31"	"ID"	20	0.420019720914292
"485"	"2020-03-23"	"2020-04-01"	"ID"	20	0.2640284502684
"486"	"2020-03-24"	"2020-04-02"	"ID"	20	0.125525353353316
"487"	"2020-03-25"	"2020-04-03"	"ID"	20	0.0229987232260538
"488"	"2020-03-26"	"2020-04-04"	"ID"	20	0
"489"	"2020-03-27"	"2020-04-05"	"ID"	20	0
"490"	"2020-03-28"	"2020-04-06"	"ID"	20	0
"491"	"2020-03-29"	"2020-04-07"	"ID"	20	0
"492"	"2020-03-30"	"2020-04-08"	"ID"	20	0
"493"	"2020-03-31"	"2020-04-09"	"ID"	20	0
"494"	"2020-04-01"	"2020-04-10"	"ID"	20	0
"495"	"2020-04-02"	"2020-04-11"	"ID"	20	0
"496"	"2020-04-03"	"2020-04-12"	"ID"	20	0.0978666009500269
"497"	"2020-01-24"	"2020-02-02"	"IL"	20	0
"498"	"2020-01-25"	"2020-02-03"	"IL"	20	0
"499"	"2020-01-26"	"2020-02-04"	"IL"	20	0
"500"	"2020-01-27"	"2020-02-05"	"IL"	20	0
"501"	"2020-01-28"	"2020-02-06"	"IL"	20	0
"502"	"2020-01-29"	"2020-02-07"	"IL"	20	0
"503"	"2020-01-30"	"2020-02-08"	"IL"	20	0
"504"	"2020-01-31"	"2020-02-09"	"IL"	20	0
"505"	"2020-02-01"	"2020-02-10"	"IL"	20	0
"506"	"2020-02-02"	"2020-02-11"	"IL"	20	0
"507"	"2020-02-03"	"2020-02-12"	"IL"	20	0
"508"	"2020-02-04"	"2020-02-13"	"IL"	20	0
"509"	"2020-02-05"	"2020-02-14"	"IL"	20	0
"510"	"2020-02-06"	"2020-02-15"	"IL"	20	0
"511"	"2020-02-07"	"2020-02-16"	"IL"	20	0
"512"	"2020-02-08"	"2020-02-17"	"IL"	20	0
"513"	"2020-02-09"	"2020-02-18"	"IL"	20	0
"514"	"2020-02-10"	"2020-02-19"	"IL"	20	0
"515"	"2020-02-11"	"2020-02-20"	"IL"	20	0
"516"	"2020-02-12"	"2020-02-21"	"IL"	20	0
"517"	"2020-02-13"	"2020-02-22"	"IL"	20	0
"518"	"2020-02-14"	"2020-02-23"	"IL"	20	0.121634387341819
"519"	"2020-02-15"	"2020-02-24"	"IL"	20	0.522786631310371
"520"	"2020-02-16"	"2020-02-25"	"IL"	20	0.927481024663752
"521"	"2020-02-17"	"2020-02-26"	"IL"	20	1.18382282513787
"522"	"2020-02-18"	"2020-02-27"	"IL"	20	1.13132478690677
"523"	"2020-02-19"	"2020-02-28"	"IL"	20	1.13218407534583
"524"	"2020-02-20"	"2020-02-29"	"IL"	20	0.930421844673174
"525"	"2020-02-21"	"2020-03-01"	"IL"	20	0.764218875542879
"526"	"2020-02-22"	"2020-03-02"	"IL"	20	0.814517891821407
"527"	"2020-02-23"	"2020-03-03"	"IL"	20	1.10718118526153
"528"	"2020-02-24"	"2020-03-04"	"IL"	20	1.13542328554962
"529"	"2020-02-25"	"2020-03-05"	"IL"	20	1.16214494864152
"530"	"2020-02-26"	"2020-03-06"	"IL"	20	1.20285559202608
"531"	"2020-02-27"	"2020-03-07"	"IL"	20	1.23197657551923
"532"	"2020-02-28"	"2020-03-08"	"IL"	20	1.2501447174108
"533"	"2020-02-29"	"2020-03-09"	"IL"	20	1.26272033992352
"534"	"2020-03-01"	"2020-03-10"	"IL"	20	1.26619100556121
"535"	"2020-03-02"	"2020-03-11"	"IL"	20	1.26345467750177
"536"	"2020-03-03"	"2020-03-12"	"IL"	20	1.52271566481928
"537"	"2020-03-04"	"2020-03-13"	"IL"	20	1.56347891944207
"538"	"2020-03-05"	"2020-03-14"	"IL"	20	1.51021962441159
"539"	"2020-03-06"	"2020-03-15"	"IL"	20	1.37741684153085
"540"	"2020-03-07"	"2020-03-16"	"IL"	20	1.22539529824189
"541"	"2020-03-08"	"2020-03-17"	"IL"	20	1.06865998656554
"542"	"2020-03-09"	"2020-03-18"	"IL"	20	0.93900625155052
"543"	"2020-03-10"	"2020-03-19"	"IL"	20	0.830265524135898
"544"	"2020-03-11"	"2020-03-20"	"IL"	20	0.748742981157912
"545"	"2020-03-12"	"2020-03-21"	"IL"	20	0.695807396480508
"546"	"2020-03-13"	"2020-03-22"	"IL"	20	0.658881694231663
"547"	"2020-03-14"	"2020-03-23"	"IL"	20	0.62106957848739
"548"	"2020-03-15"	"2020-03-24"	"IL"	20	0.579396062497712
"549"	"2020-03-16"	"2020-03-25"	"IL"	20	0.519981623310454
"550"	"2020-03-17"	"2020-03-26"	"IL"	20	0.46627918136705
"551"	"2020-03-18"	"2020-03-27"	"IL"	20	0.42348570590249
"552"	"2020-03-19"	"2020-03-28"	"IL"	20	0.378516942143873
"553"	"2020-03-20"	"2020-03-29"	"IL"	20	0.340887007448021
"554"	"2020-03-21"	"2020-03-30"	"IL"	20	0.30642949269549
"555"	"2020-03-22"	"2020-03-31"	"IL"	20	0.284399700785205
"556"	"2020-03-23"	"2020-04-01"	"IL"	20	0.249320460770328
"557"	"2020-03-24"	"2020-04-02"	"IL"	20	0.211326535865298
"558"	"2020-03-25"	"2020-04-03"	"IL"	20	0.179031392638254
"559"	"2020-03-26"	"2020-04-04"	"IL"	20	0.172515237001581
"560"	"2020-03-27"	"2020-04-05"	"IL"	20	0.154672715960896
"561"	"2020-03-28"	"2020-04-06"	"IL"	20	0.13345289790155
"562"	"2020-03-29"	"2020-04-07"	"IL"	20	0.138397501454135
"563"	"2020-03-30"	"2020-04-08"	"IL"	20	0.101659706184516
"564"	"2020-03-31"	"2020-04-09"	"IL"	20	0.0807008486486485
"565"	"2020-04-01"	"2020-04-10"	"IL"	20	0.0578096553336426
"566"	"2020-04-02"	"2020-04-11"	"IL"	20	0.0261280888934802
"567"	"2020-04-03"	"2020-04-12"	"IL"	20	0.0188289781842937
"568"	"2020-03-06"	"2020-03-15"	"IN"	20	1.35297904316813
"569"	"2020-03-07"	"2020-03-16"	"IN"	20	0.524769264090073
"570"	"2020-03-08"	"2020-03-17"	"IN"	20	0.244923388406867
"571"	"2020-03-09"	"2020-03-18"	"IN"	20	0.149771635378416
"572"	"2020-03-10"	"2020-03-19"	"IN"	20	0.323916277102768
"573"	"2020-03-11"	"2020-03-20"	"IN"	20	0.32932189503679
"574"	"2020-03-12"	"2020-03-21"	"IN"	20	0.366551039073065
"575"	"2020-03-13"	"2020-03-22"	"IN"	20	0.476114746653179
"576"	"2020-03-14"	"2020-03-23"	"IN"	20	0.545575919493475
"577"	"2020-03-15"	"2020-03-24"	"IN"	20	0.609717386941186
"578"	"2020-03-16"	"2020-03-25"	"IN"	20	0.63184790449376
"579"	"2020-03-17"	"2020-03-26"	"IN"	20	0.635012704649761
"580"	"2020-03-18"	"2020-03-27"	"IN"	20	0.563206217186175
"581"	"2020-03-19"	"2020-03-28"	"IN"	20	0.516041935464662
"582"	"2020-03-20"	"2020-03-29"	"IN"	20	0.488041747551829
"583"	"2020-03-21"	"2020-03-30"	"IN"	20	0.422687895015189
"584"	"2020-03-22"	"2020-03-31"	"IN"	20	0.37974802352245
"585"	"2020-03-23"	"2020-04-01"	"IN"	20	0.326315734225038
"586"	"2020-03-24"	"2020-04-02"	"IN"	20	0.281115502096149
"587"	"2020-03-25"	"2020-04-03"	"IN"	20	0.235464403383888
"588"	"2020-03-26"	"2020-04-04"	"IN"	20	0.248966716284661
"589"	"2020-03-27"	"2020-04-05"	"IN"	20	0.17400126030423
"590"	"2020-03-28"	"2020-04-06"	"IN"	20	0.143295501998564
"591"	"2020-03-29"	"2020-04-07"	"IN"	20	0.113150970286243
"592"	"2020-03-30"	"2020-04-08"	"IN"	20	0.0789483083234586
"593"	"2020-03-31"	"2020-04-09"	"IN"	20	0.0529591468557786
"594"	"2020-04-01"	"2020-04-10"	"IN"	20	0.0291311324847985
"595"	"2020-04-02"	"2020-04-11"	"IN"	20	0.0209871387605207
"596"	"2020-04-03"	"2020-04-12"	"IN"	20	0.0223169052926022
"597"	"2020-03-08"	"2020-03-17"	"KS"	20	0.81305233852719
"598"	"2020-03-09"	"2020-03-18"	"KS"	20	0.552476697147484
"599"	"2020-03-10"	"2020-03-19"	"KS"	20	0.433678918577399
"600"	"2020-03-11"	"2020-03-20"	"KS"	20	0.382389216075059
"601"	"2020-03-12"	"2020-03-21"	"KS"	20	0.367272247168055
"602"	"2020-03-13"	"2020-03-22"	"KS"	20	0.405713775376187
"603"	"2020-03-14"	"2020-03-23"	"KS"	20	0.427427190643694
"604"	"2020-03-15"	"2020-03-24"	"KS"	20	0.4663948796238
"605"	"2020-03-16"	"2020-03-25"	"KS"	20	0.496024866781021
"606"	"2020-03-17"	"2020-03-26"	"KS"	20	0.519269527281503
"607"	"2020-03-18"	"2020-03-27"	"KS"	20	0.523412973242225
"608"	"2020-03-19"	"2020-03-28"	"KS"	20	0.464004253815809
"609"	"2020-03-20"	"2020-03-29"	"KS"	20	0.405396824077949
"610"	"2020-03-21"	"2020-03-30"	"KS"	20	0.35462884451854
"611"	"2020-03-22"	"2020-03-31"	"KS"	20	0.307896859467152
"612"	"2020-03-23"	"2020-04-01"	"KS"	20	0.275499741296337
"613"	"2020-03-24"	"2020-04-02"	"KS"	20	0.241910811265267
"614"	"2020-03-25"	"2020-04-03"	"KS"	20	0.234884943306728
"615"	"2020-03-26"	"2020-04-04"	"KS"	20	0.236292586301928
"616"	"2020-03-27"	"2020-04-05"	"KS"	20	0.214696046011498
"617"	"2020-03-28"	"2020-04-06"	"KS"	20	0.200459568848259
"618"	"2020-03-29"	"2020-04-07"	"KS"	20	0.169968430578882
"619"	"2020-03-30"	"2020-04-08"	"KS"	20	0.124309661646882
"620"	"2020-03-31"	"2020-04-09"	"KS"	20	0.0857501523137469
"621"	"2020-04-01"	"2020-04-10"	"KS"	20	0.050524362939657
"622"	"2020-04-02"	"2020-04-11"	"KS"	20	0.0415459958405828
"623"	"2020-04-03"	"2020-04-12"	"KS"	20	0.0570344179230668
"624"	"2020-03-09"	"2020-03-18"	"KY"	20	0.835565517148742
"625"	"2020-03-10"	"2020-03-19"	"KY"	20	0.656526345799343
"626"	"2020-03-11"	"2020-03-20"	"KY"	20	0.52703445214518
"627"	"2020-03-12"	"2020-03-21"	"KY"	20	0.478278151834791
"628"	"2020-03-13"	"2020-03-22"	"KY"	20	0.468512484387797
"629"	"2020-03-14"	"2020-03-23"	"KY"	20	0.49359429362439
"630"	"2020-03-15"	"2020-03-24"	"KY"	20	0.495428157328655
"631"	"2020-03-16"	"2020-03-25"	"KY"	20	0.500804099772415
"632"	"2020-03-17"	"2020-03-26"	"KY"	20	0.483343400387858
"633"	"2020-03-18"	"2020-03-27"	"KY"	20	0.453279252345438
"634"	"2020-03-19"	"2020-03-28"	"KY"	20	0.444104210115667
"635"	"2020-03-20"	"2020-03-29"	"KY"	20	0.412269857068566
"636"	"2020-03-21"	"2020-03-30"	"KY"	20	0.354599744449118
"637"	"2020-03-22"	"2020-03-31"	"KY"	20	0.312866360462696
"638"	"2020-03-23"	"2020-04-01"	"KY"	20	0.318233887529891
"639"	"2020-03-24"	"2020-04-02"	"KY"	20	0.303833185619615
"640"	"2020-03-25"	"2020-04-03"	"KY"	20	0.311226109413185
"641"	"2020-03-26"	"2020-04-04"	"KY"	20	0.339785371507165
"642"	"2020-03-27"	"2020-04-05"	"KY"	20	0.365483527832603
"643"	"2020-03-28"	"2020-04-06"	"KY"	20	0.371012376416126
"644"	"2020-03-29"	"2020-04-07"	"KY"	20	0.320186486594623
"645"	"2020-03-30"	"2020-04-08"	"KY"	20	0.253962193919984
"646"	"2020-03-31"	"2020-04-09"	"KY"	20	0.207141812343863
"647"	"2020-04-01"	"2020-04-10"	"KY"	20	0.153966268749407
"648"	"2020-04-02"	"2020-04-11"	"KY"	20	0.108495162555642
"649"	"2020-04-03"	"2020-04-12"	"KY"	20	0.0711636598475859
"650"	"2020-03-09"	"2020-03-18"	"LA"	20	0.83723985720027
"651"	"2020-03-10"	"2020-03-19"	"LA"	20	0.627254266657254
"652"	"2020-03-11"	"2020-03-20"	"LA"	20	0.499020820884912
"653"	"2020-03-12"	"2020-03-21"	"LA"	20	0.442137475415776
"654"	"2020-03-13"	"2020-03-22"	"LA"	20	0.432311306590536
"655"	"2020-03-14"	"2020-03-23"	"LA"	20	0.429884685132061
"656"	"2020-03-15"	"2020-03-24"	"LA"	20	0.442390840324445
"657"	"2020-03-16"	"2020-03-25"	"LA"	20	0.452723780678556
"658"	"2020-03-17"	"2020-03-26"	"LA"	20	0.46623711913369
"659"	"2020-03-18"	"2020-03-27"	"LA"	20	0.486168742328768
"660"	"2020-03-19"	"2020-03-28"	"LA"	20	0.512208207070875
"661"	"2020-03-20"	"2020-03-29"	"LA"	20	0.535837175467519
"662"	"2020-03-21"	"2020-03-30"	"LA"	20	0.549177283420949
"663"	"2020-03-22"	"2020-03-31"	"LA"	20	0.556625760537808
"664"	"2020-03-23"	"2020-04-01"	"LA"	20	0.494712328559685
"665"	"2020-03-24"	"2020-04-02"	"LA"	20	0.371731149835288
"666"	"2020-03-25"	"2020-04-03"	"LA"	20	0.272971932246745
"667"	"2020-03-26"	"2020-04-04"	"LA"	20	0.190567365197374
"668"	"2020-03-27"	"2020-04-05"	"LA"	20	0.113791877657719
"669"	"2020-03-28"	"2020-04-06"	"LA"	20	0.0491959893182481
"670"	"2020-03-29"	"2020-04-07"	"LA"	20	0
"671"	"2020-03-30"	"2020-04-08"	"LA"	20	0
"672"	"2020-03-31"	"2020-04-09"	"LA"	20	0
"673"	"2020-04-01"	"2020-04-10"	"LA"	20	0
"674"	"2020-04-02"	"2020-04-11"	"LA"	20	0
"675"	"2020-04-03"	"2020-04-12"	"LA"	20	0
"676"	"2020-02-01"	"2020-02-10"	"MA"	20	0
"677"	"2020-02-02"	"2020-02-11"	"MA"	20	0
"678"	"2020-02-03"	"2020-02-12"	"MA"	20	0
"679"	"2020-02-04"	"2020-02-13"	"MA"	20	0
"680"	"2020-02-05"	"2020-02-14"	"MA"	20	0
"681"	"2020-02-06"	"2020-02-15"	"MA"	20	0
"682"	"2020-02-07"	"2020-02-16"	"MA"	20	0
"683"	"2020-02-08"	"2020-02-17"	"MA"	20	0
"684"	"2020-02-09"	"2020-02-18"	"MA"	20	0
"685"	"2020-02-10"	"2020-02-19"	"MA"	20	0
"686"	"2020-02-11"	"2020-02-20"	"MA"	20	0
"687"	"2020-02-12"	"2020-02-21"	"MA"	20	0
"688"	"2020-02-13"	"2020-02-22"	"MA"	20	0
"689"	"2020-02-14"	"2020-02-23"	"MA"	20	0
"690"	"2020-02-15"	"2020-02-24"	"MA"	20	0
"691"	"2020-02-16"	"2020-02-25"	"MA"	20	0
"692"	"2020-02-17"	"2020-02-26"	"MA"	20	0
"693"	"2020-02-18"	"2020-02-27"	"MA"	20	0.244519163548508
"694"	"2020-02-19"	"2020-02-28"	"MA"	20	0.506205281829781
"695"	"2020-02-20"	"2020-02-29"	"MA"	20	0.824219275375472
"696"	"2020-02-21"	"2020-03-01"	"MA"	20	1.11943249775911
"697"	"2020-02-22"	"2020-03-02"	"MA"	20	1.17045802583175
"698"	"2020-02-23"	"2020-03-03"	"MA"	20	1.46680023588084
"699"	"2020-02-24"	"2020-03-04"	"MA"	20	1.53326423168353
"700"	"2020-02-25"	"2020-03-05"	"MA"	20	1.86638735517444
"701"	"2020-02-26"	"2020-03-06"	"MA"	20	1.4480337338094
"702"	"2020-02-27"	"2020-03-07"	"MA"	20	1.09714984239115
"703"	"2020-02-28"	"2020-03-08"	"MA"	20	0.787099028207972
"704"	"2020-02-29"	"2020-03-09"	"MA"	20	0.558506473098705
"705"	"2020-03-01"	"2020-03-10"	"MA"	20	0.399239982187927
"706"	"2020-03-02"	"2020-03-11"	"MA"	20	0.315658120112343
"707"	"2020-03-03"	"2020-03-12"	"MA"	20	0.303290778889358
"708"	"2020-03-04"	"2020-03-13"	"MA"	20	0.336916765993734
"709"	"2020-03-05"	"2020-03-14"	"MA"	20	0.406712992482986
"710"	"2020-03-06"	"2020-03-15"	"MA"	20	0.512389838306416
"711"	"2020-03-07"	"2020-03-16"	"MA"	20	0.602893530636562
"712"	"2020-03-08"	"2020-03-17"	"MA"	20	0.75529729482252
"713"	"2020-03-09"	"2020-03-18"	"MA"	20	0.940999158503451
"714"	"2020-03-10"	"2020-03-19"	"MA"	20	1.23689063610625
"715"	"2020-03-11"	"2020-03-20"	"MA"	20	1.29439468412112
"716"	"2020-03-12"	"2020-03-21"	"MA"	20	1.26710151064739
"717"	"2020-03-13"	"2020-03-22"	"MA"	20	1.15525391056599
"718"	"2020-03-14"	"2020-03-23"	"MA"	20	1.00044879934273
"719"	"2020-03-15"	"2020-03-24"	"MA"	20	0.840191693561535
"720"	"2020-03-16"	"2020-03-25"	"MA"	20	0.691241756022892
"721"	"2020-03-17"	"2020-03-26"	"MA"	20	0.559700576094887
"722"	"2020-03-18"	"2020-03-27"	"MA"	20	0.459467532314603
"723"	"2020-03-19"	"2020-03-28"	"MA"	20	0.390574961944524
"724"	"2020-03-20"	"2020-03-29"	"MA"	20	0.339294830812308
"725"	"2020-03-21"	"2020-03-30"	"MA"	20	0.292776828536623
"726"	"2020-03-22"	"2020-03-31"	"MA"	20	0.24163896653792
"727"	"2020-03-23"	"2020-04-01"	"MA"	20	0.187057226300743
"728"	"2020-03-24"	"2020-04-02"	"MA"	20	0.151532675689664
"729"	"2020-03-25"	"2020-04-03"	"MA"	20	0.143937414057907
"730"	"2020-03-26"	"2020-04-04"	"MA"	20	0.14701719051341
"731"	"2020-03-27"	"2020-04-05"	"MA"	20	0.174476417976008
"732"	"2020-03-28"	"2020-04-06"	"MA"	20	0.207139564394416
"733"	"2020-03-29"	"2020-04-07"	"MA"	20	0.199044600468934
"734"	"2020-03-30"	"2020-04-08"	"MA"	20	0.182145620575923
"735"	"2020-03-31"	"2020-04-09"	"MA"	20	0.144116737773181
"736"	"2020-04-01"	"2020-04-10"	"MA"	20	0.105848169961121
"737"	"2020-04-02"	"2020-04-11"	"MA"	20	0.0729480410293902
"738"	"2020-04-03"	"2020-04-12"	"MA"	20	0.0573796251290447
"739"	"2020-03-06"	"2020-03-15"	"MD"	20	1.12046477266845
"740"	"2020-03-07"	"2020-03-16"	"MD"	20	0.685818300320527
"741"	"2020-03-08"	"2020-03-17"	"MD"	20	0.527124088794419
"742"	"2020-03-09"	"2020-03-18"	"MD"	20	0.459539468313151
"743"	"2020-03-10"	"2020-03-19"	"MD"	20	0.445824933205302
"744"	"2020-03-11"	"2020-03-20"	"MD"	20	0.455933747467625
"745"	"2020-03-12"	"2020-03-21"	"MD"	20	0.487593990952304
"746"	"2020-03-13"	"2020-03-22"	"MD"	20	0.522225915699464
"747"	"2020-03-14"	"2020-03-23"	"MD"	20	0.541588912087416
"748"	"2020-03-15"	"2020-03-24"	"MD"	20	0.598218702497663
"749"	"2020-03-16"	"2020-03-25"	"MD"	20	0.617667433364298
"750"	"2020-03-17"	"2020-03-26"	"MD"	20	0.624182614129158
"751"	"2020-03-18"	"2020-03-27"	"MD"	20	0.611652742793299
"752"	"2020-03-19"	"2020-03-28"	"MD"	20	0.553167053474888
"753"	"2020-03-20"	"2020-03-29"	"MD"	20	0.546901565374221
"754"	"2020-03-21"	"2020-03-30"	"MD"	20	0.489609258829981
"755"	"2020-03-22"	"2020-03-31"	"MD"	20	0.459384855727939
"756"	"2020-03-23"	"2020-04-01"	"MD"	20	0.422199884885931
"757"	"2020-03-24"	"2020-04-02"	"MD"	20	0.3970377712237
"758"	"2020-03-25"	"2020-04-03"	"MD"	20	0.388071606265787
"759"	"2020-03-26"	"2020-04-04"	"MD"	20	0.404257802165304
"760"	"2020-03-27"	"2020-04-05"	"MD"	20	0.412783730156213
"761"	"2020-03-28"	"2020-04-06"	"MD"	20	0.396626987851172
"762"	"2020-03-29"	"2020-04-07"	"MD"	20	0.353847370458694
"763"	"2020-03-30"	"2020-04-08"	"MD"	20	0.280982919164217
"764"	"2020-03-31"	"2020-04-09"	"MD"	20	0.215860280354835
"765"	"2020-04-01"	"2020-04-10"	"MD"	20	0.164428102245237
"766"	"2020-04-02"	"2020-04-11"	"MD"	20	0.126759326800205
"767"	"2020-04-03"	"2020-04-12"	"MD"	20	0.11010755783468
"768"	"2020-03-12"	"2020-03-21"	"ME"	20	0.320520689266059
"769"	"2020-03-13"	"2020-03-22"	"ME"	20	0.353334991334355
"770"	"2020-03-14"	"2020-03-23"	"ME"	20	0.355944648066096
"771"	"2020-03-15"	"2020-03-24"	"ME"	20	0.357475056742435
"772"	"2020-03-16"	"2020-03-25"	"ME"	20	0.404521121526433
"773"	"2020-03-17"	"2020-03-26"	"ME"	20	0.369335935572996
"774"	"2020-03-18"	"2020-03-27"	"ME"	20	0.350905690705407
"775"	"2020-03-19"	"2020-03-28"	"ME"	20	0.343631345518778
"776"	"2020-03-20"	"2020-03-29"	"ME"	20	0.343633716642157
"777"	"2020-03-21"	"2020-03-30"	"ME"	20	0.333892668197694
"778"	"2020-03-22"	"2020-03-31"	"ME"	20	0.315999155212515
"779"	"2020-03-23"	"2020-04-01"	"ME"	20	0.256582834034113
"780"	"2020-03-24"	"2020-04-02"	"ME"	20	0.168450767972182
"781"	"2020-03-25"	"2020-04-03"	"ME"	20	0.111073967439718
"782"	"2020-03-26"	"2020-04-04"	"ME"	20	0.0497495754401385
"783"	"2020-03-27"	"2020-04-05"	"ME"	20	0.00764409921528445
"784"	"2020-03-28"	"2020-04-06"	"ME"	20	0.0408264805558956
"785"	"2020-03-29"	"2020-04-07"	"ME"	20	0.0980305689368037
"786"	"2020-03-30"	"2020-04-08"	"ME"	20	0.131253967029396
"787"	"2020-03-31"	"2020-04-09"	"ME"	20	0.123070185114586
"788"	"2020-04-01"	"2020-04-10"	"ME"	20	0.258621670170337
"789"	"2020-04-02"	"2020-04-11"	"ME"	20	0.272272407161125
"790"	"2020-04-03"	"2020-04-12"	"ME"	20	0.240696871953978
"791"	"2020-03-10"	"2020-03-19"	"MI"	20	1.04475664529466
"792"	"2020-03-11"	"2020-03-20"	"MI"	20	0.613009895120649
"793"	"2020-03-12"	"2020-03-21"	"MI"	20	0.460787852091067
"794"	"2020-03-13"	"2020-03-22"	"MI"	20	0.409058300693125
"795"	"2020-03-14"	"2020-03-23"	"MI"	20	0.412599792803547
"796"	"2020-03-15"	"2020-03-24"	"MI"	20	0.426378754136334
"797"	"2020-03-16"	"2020-03-25"	"MI"	20	0.449747058118635
"798"	"2020-03-17"	"2020-03-26"	"MI"	20	0.471469727627303
"799"	"2020-03-18"	"2020-03-27"	"MI"	20	0.490120008549061
"800"	"2020-03-19"	"2020-03-28"	"MI"	20	0.489866810050979
"801"	"2020-03-20"	"2020-03-29"	"MI"	20	0.488919100332249
"802"	"2020-03-21"	"2020-03-30"	"MI"	20	0.483980748479366
"803"	"2020-03-22"	"2020-03-31"	"MI"	20	0.42371056232938
"804"	"2020-03-23"	"2020-04-01"	"MI"	20	0.357432072419825
"805"	"2020-03-24"	"2020-04-02"	"MI"	20	0.298178615919517
"806"	"2020-03-25"	"2020-04-03"	"MI"	20	0.239806046660841
"807"	"2020-03-26"	"2020-04-04"	"MI"	20	0.184568624093409
"808"	"2020-03-27"	"2020-04-05"	"MI"	20	0.139572154514693
"809"	"2020-03-28"	"2020-04-06"	"MI"	20	0.099854253444291
"810"	"2020-03-29"	"2020-04-07"	"MI"	20	0.0517100466143623
"811"	"2020-03-30"	"2020-04-08"	"MI"	20	0.0138447523920082
"812"	"2020-03-31"	"2020-04-09"	"MI"	20	0
"813"	"2020-04-01"	"2020-04-10"	"MI"	20	0
"814"	"2020-04-02"	"2020-04-11"	"MI"	20	0
"815"	"2020-04-03"	"2020-04-12"	"MI"	20	0.0106939700890161
"816"	"2020-03-06"	"2020-03-15"	"MN"	20	0.674066353446213
"817"	"2020-03-07"	"2020-03-16"	"MN"	20	0.624574544464228
"818"	"2020-03-08"	"2020-03-17"	"MN"	20	0.47203482190454
"819"	"2020-03-09"	"2020-03-18"	"MN"	20	0.417732895023039
"820"	"2020-03-10"	"2020-03-19"	"MN"	20	0.405715503436756
"821"	"2020-03-11"	"2020-03-20"	"MN"	20	0.40792939988773
"822"	"2020-03-12"	"2020-03-21"	"MN"	20	0.40343532114166
"823"	"2020-03-13"	"2020-03-22"	"MN"	20	0.407223469272852
"824"	"2020-03-14"	"2020-03-23"	"MN"	20	0.411736932944688
"825"	"2020-03-15"	"2020-03-24"	"MN"	20	0.405021689428563
"826"	"2020-03-16"	"2020-03-25"	"MN"	20	0.391952029273503
"827"	"2020-03-17"	"2020-03-26"	"MN"	20	0.370960674014518
"828"	"2020-03-18"	"2020-03-27"	"MN"	20	0.337403602164814
"829"	"2020-03-19"	"2020-03-28"	"MN"	20	0.284750222909839
"830"	"2020-03-20"	"2020-03-29"	"MN"	20	0.249824333992688
"831"	"2020-03-21"	"2020-03-30"	"MN"	20	0.210364258470515
"832"	"2020-03-22"	"2020-03-31"	"MN"	20	0.191308760162433
"833"	"2020-03-23"	"2020-04-01"	"MN"	20	0.223784898535435
"834"	"2020-03-24"	"2020-04-02"	"MN"	20	0.211407101207019
"835"	"2020-03-25"	"2020-04-03"	"MN"	20	0.202050791964641
"836"	"2020-03-26"	"2020-04-04"	"MN"	20	0.229414999924916
"837"	"2020-03-27"	"2020-04-05"	"MN"	20	0.247624682361962
"838"	"2020-03-28"	"2020-04-06"	"MN"	20	0.261380985073899
"839"	"2020-03-29"	"2020-04-07"	"MN"	20	0.297513982053866
"840"	"2020-03-30"	"2020-04-08"	"MN"	20	0.317833530360158
"841"	"2020-03-31"	"2020-04-09"	"MN"	20	0.313407501128944
"842"	"2020-04-01"	"2020-04-10"	"MN"	20	0.296492764627915
"843"	"2020-04-02"	"2020-04-11"	"MN"	20	0.261325135196098
"844"	"2020-04-03"	"2020-04-12"	"MN"	20	0.236208670574316
"845"	"2020-03-08"	"2020-03-17"	"MO"	20	1.59946046676992
"846"	"2020-03-09"	"2020-03-18"	"MO"	20	0.562607578191586
"847"	"2020-03-10"	"2020-03-19"	"MO"	20	0.273909273460312
"848"	"2020-03-11"	"2020-03-20"	"MO"	20	0.346786689314114
"849"	"2020-03-12"	"2020-03-21"	"MO"	20	0.330322736256823
"850"	"2020-03-13"	"2020-03-22"	"MO"	20	0.344120629407138
"851"	"2020-03-14"	"2020-03-23"	"MO"	20	0.406599255305679
"852"	"2020-03-15"	"2020-03-24"	"MO"	20	0.46896718308843
"853"	"2020-03-16"	"2020-03-25"	"MO"	20	0.506872348883805
"854"	"2020-03-17"	"2020-03-26"	"MO"	20	0.53659245038989
"855"	"2020-03-18"	"2020-03-27"	"MO"	20	0.54529499865083
"856"	"2020-03-19"	"2020-03-28"	"MO"	20	0.501208128508155
"857"	"2020-03-20"	"2020-03-29"	"MO"	20	0.471369243306151
"858"	"2020-03-21"	"2020-03-30"	"MO"	20	0.396973217562382
"859"	"2020-03-22"	"2020-03-31"	"MO"	20	0.312454663882824
"860"	"2020-03-23"	"2020-04-01"	"MO"	20	0.257555336056257
"861"	"2020-03-24"	"2020-04-02"	"MO"	20	0.213678067908321
"862"	"2020-03-25"	"2020-04-03"	"MO"	20	0.194972902407658
"863"	"2020-03-26"	"2020-04-04"	"MO"	20	0.197676800317286
"864"	"2020-03-27"	"2020-04-05"	"MO"	20	0.190732226051716
"865"	"2020-03-28"	"2020-04-06"	"MO"	20	0.166288085568153
"866"	"2020-03-29"	"2020-04-07"	"MO"	20	0.102859731230423
"867"	"2020-03-30"	"2020-04-08"	"MO"	20	0.059747174433178
"868"	"2020-03-31"	"2020-04-09"	"MO"	20	0.0568764698470336
"869"	"2020-04-01"	"2020-04-10"	"MO"	20	0.0538361392159011
"870"	"2020-04-02"	"2020-04-11"	"MO"	20	0.0554808441328214
"871"	"2020-04-03"	"2020-04-12"	"MO"	20	0.0644013525062998
"872"	"2020-03-12"	"2020-03-21"	"MS"	20	0.616821927085388
"873"	"2020-03-13"	"2020-03-22"	"MS"	20	0.554521301021655
"874"	"2020-03-14"	"2020-03-23"	"MS"	20	0.493163616655216
"875"	"2020-03-15"	"2020-03-24"	"MS"	20	0.456328831266459
"876"	"2020-03-16"	"2020-03-25"	"MS"	20	0.454013853804918
"877"	"2020-03-17"	"2020-03-26"	"MS"	20	0.448711717695664
"878"	"2020-03-18"	"2020-03-27"	"MS"	20	0.441857865162537
"879"	"2020-03-19"	"2020-03-28"	"MS"	20	0.436581300240046
"880"	"2020-03-20"	"2020-03-29"	"MS"	20	0.415581342146931
"881"	"2020-03-21"	"2020-03-30"	"MS"	20	0.407966619421578
"882"	"2020-03-22"	"2020-03-31"	"MS"	20	0.387542517755647
"883"	"2020-03-23"	"2020-04-01"	"MS"	20	0.339999209002833
"884"	"2020-03-24"	"2020-04-02"	"MS"	20	0.281172691352135
"885"	"2020-03-25"	"2020-04-03"	"MS"	20	0.218172832172456
"886"	"2020-03-26"	"2020-04-04"	"MS"	20	0.197031432014585
"887"	"2020-03-27"	"2020-04-05"	"MS"	20	0.150038109783346
"888"	"2020-03-28"	"2020-04-06"	"MS"	20	0.131043380111547
"889"	"2020-03-29"	"2020-04-07"	"MS"	20	0.236451264560727
"890"	"2020-03-30"	"2020-04-08"	"MS"	20	0.231865986120828
"891"	"2020-03-31"	"2020-04-09"	"MS"	20	0.212656168965461
"892"	"2020-04-01"	"2020-04-10"	"MS"	20	0.208924321422118
"893"	"2020-04-02"	"2020-04-11"	"MS"	20	0.207290463025541
"894"	"2020-04-03"	"2020-04-12"	"MS"	20	0.283442113814915
"895"	"2020-03-13"	"2020-03-22"	"MT"	20	0.801983000337639
"896"	"2020-03-14"	"2020-03-23"	"MT"	20	0.573792694637615
"897"	"2020-03-15"	"2020-03-24"	"MT"	20	0.422034629399744
"898"	"2020-03-16"	"2020-03-25"	"MT"	20	0.359635303900382
"899"	"2020-03-17"	"2020-03-26"	"MT"	20	0.331169637357036
"900"	"2020-03-18"	"2020-03-27"	"MT"	20	0.311344735774773
"901"	"2020-03-19"	"2020-03-28"	"MT"	20	0.300094288597859
"902"	"2020-03-20"	"2020-03-29"	"MT"	20	0.259349387771371
"903"	"2020-03-21"	"2020-03-30"	"MT"	20	0.226492442047528
"904"	"2020-03-22"	"2020-03-31"	"MT"	20	0.186727455232995
"905"	"2020-03-23"	"2020-04-01"	"MT"	20	0.149361677361282
"906"	"2020-03-24"	"2020-04-02"	"MT"	20	0.0830800647264513
"907"	"2020-03-25"	"2020-04-03"	"MT"	20	0.0269761674919552
"908"	"2020-03-26"	"2020-04-04"	"MT"	20	0
"909"	"2020-03-27"	"2020-04-05"	"MT"	20	0
"910"	"2020-03-28"	"2020-04-06"	"MT"	20	0
"911"	"2020-03-29"	"2020-04-07"	"MT"	20	0
"912"	"2020-03-30"	"2020-04-08"	"MT"	20	0
"913"	"2020-03-31"	"2020-04-09"	"MT"	20	0
"914"	"2020-04-01"	"2020-04-10"	"MT"	20	0
"915"	"2020-04-02"	"2020-04-11"	"MT"	20	0.0916140829544575
"916"	"2020-04-03"	"2020-04-12"	"MT"	20	0.0995953764926025
"917"	"2020-03-03"	"2020-03-12"	"NC"	20	0.787532909801795
"918"	"2020-03-04"	"2020-03-13"	"NC"	20	0.477866614525744
"919"	"2020-03-05"	"2020-03-14"	"NC"	20	0.270327104754308
"920"	"2020-03-06"	"2020-03-15"	"NC"	20	0.187336065106568
"921"	"2020-03-07"	"2020-03-16"	"NC"	20	0.32753325252752
"922"	"2020-03-08"	"2020-03-17"	"NC"	20	0.34723794218275
"923"	"2020-03-09"	"2020-03-18"	"NC"	20	0.361879721486542
"924"	"2020-03-10"	"2020-03-19"	"NC"	20	0.408962762945294
"925"	"2020-03-11"	"2020-03-20"	"NC"	20	0.459182544092962
"926"	"2020-03-12"	"2020-03-21"	"NC"	20	0.510071007990434
"927"	"2020-03-13"	"2020-03-22"	"NC"	20	0.558752036555539
"928"	"2020-03-14"	"2020-03-23"	"NC"	20	0.583574361053679
"929"	"2020-03-15"	"2020-03-24"	"NC"	20	0.612379865245448
"930"	"2020-03-16"	"2020-03-25"	"NC"	20	0.59795625892834
"931"	"2020-03-17"	"2020-03-26"	"NC"	20	0.497700932357765
"932"	"2020-03-18"	"2020-03-27"	"NC"	20	0.421974082917756
"933"	"2020-03-19"	"2020-03-28"	"NC"	20	0.390491813644129
"934"	"2020-03-20"	"2020-03-29"	"NC"	20	0.323533927319902
"935"	"2020-03-21"	"2020-03-30"	"NC"	20	0.304662918451704
"936"	"2020-03-22"	"2020-03-31"	"NC"	20	0.302070299960996
"937"	"2020-03-23"	"2020-04-01"	"NC"	20	0.274567170621956
"938"	"2020-03-24"	"2020-04-02"	"NC"	20	0.262469850864366
"939"	"2020-03-25"	"2020-04-03"	"NC"	20	0.236727143293933
"940"	"2020-03-26"	"2020-04-04"	"NC"	20	0.209927541848323
"941"	"2020-03-27"	"2020-04-05"	"NC"	20	0.183035523324447
"942"	"2020-03-28"	"2020-04-06"	"NC"	20	0.163250723780934
"943"	"2020-03-29"	"2020-04-07"	"NC"	20	0.162300307938874
"944"	"2020-03-30"	"2020-04-08"	"NC"	20	0.134337638436572
"945"	"2020-03-31"	"2020-04-09"	"NC"	20	0.11115016533732
"946"	"2020-04-01"	"2020-04-10"	"NC"	20	0.0591103593228419
"947"	"2020-04-02"	"2020-04-11"	"NC"	20	0.0445152812818635
"948"	"2020-04-03"	"2020-04-12"	"NC"	20	0.0350243784673169
"949"	"2020-03-12"	"2020-03-21"	"ND"	20	0.343069965266211
"950"	"2020-03-13"	"2020-03-22"	"ND"	20	0.500849036303056
"951"	"2020-03-14"	"2020-03-23"	"ND"	20	0.530305844684019
"952"	"2020-03-15"	"2020-03-24"	"ND"	20	0.477741402177503
"953"	"2020-03-16"	"2020-03-25"	"ND"	20	0.452625997953484
"954"	"2020-03-17"	"2020-03-26"	"ND"	20	0.422213036265612
"955"	"2020-03-18"	"2020-03-27"	"ND"	20	0.40787642066287
"956"	"2020-03-19"	"2020-03-28"	"ND"	20	0.36227158876871
"957"	"2020-03-20"	"2020-03-29"	"ND"	20	0.340854021771238
"958"	"2020-03-21"	"2020-03-30"	"ND"	20	0.338083578990008
"959"	"2020-03-22"	"2020-03-31"	"ND"	20	0.289891608864378
"960"	"2020-03-23"	"2020-04-01"	"ND"	20	0.235011304828499
"961"	"2020-03-24"	"2020-04-02"	"ND"	20	0.195190324718614
"962"	"2020-03-25"	"2020-04-03"	"ND"	20	0.175958063217405
"963"	"2020-03-26"	"2020-04-04"	"ND"	20	0.166036975048665
"964"	"2020-03-27"	"2020-04-05"	"ND"	20	0.137013410210142
"965"	"2020-03-28"	"2020-04-06"	"ND"	20	0.170009881227305
"966"	"2020-03-29"	"2020-04-07"	"ND"	20	0.121626177474227
"967"	"2020-03-30"	"2020-04-08"	"ND"	20	0.119283746487239
"968"	"2020-03-31"	"2020-04-09"	"ND"	20	0.147712275035172
"969"	"2020-04-01"	"2020-04-10"	"ND"	20	0.198305500298187
"970"	"2020-04-02"	"2020-04-11"	"ND"	20	0.202212502715566
"971"	"2020-04-03"	"2020-04-12"	"ND"	20	0.205295496014611
"972"	"2020-03-06"	"2020-03-15"	"NE"	20	0.293089869910201
"973"	"2020-03-07"	"2020-03-16"	"NE"	20	0.316194416111787
"974"	"2020-03-08"	"2020-03-17"	"NE"	20	0.299775124820072
"975"	"2020-03-09"	"2020-03-18"	"NE"	20	0.321140416792053
"976"	"2020-03-10"	"2020-03-19"	"NE"	20	0.27785872073639
"977"	"2020-03-11"	"2020-03-20"	"NE"	20	0.325794333796535
"978"	"2020-03-12"	"2020-03-21"	"NE"	20	0.335366712761765
"979"	"2020-03-13"	"2020-03-22"	"NE"	20	0.427746228829438
"980"	"2020-03-14"	"2020-03-23"	"NE"	20	0.58512228766779
"981"	"2020-03-15"	"2020-03-24"	"NE"	20	0.621440562027262
"982"	"2020-03-16"	"2020-03-25"	"NE"	20	0.647649434405115
"983"	"2020-03-17"	"2020-03-26"	"NE"	20	0.642793714840642
"984"	"2020-03-18"	"2020-03-27"	"NE"	20	0.633346713732582
"985"	"2020-03-19"	"2020-03-28"	"NE"	20	0.635704113106864
"986"	"2020-03-20"	"2020-03-29"	"NE"	20	0.585933094318367
"987"	"2020-03-21"	"2020-03-30"	"NE"	20	0.546006908982004
"988"	"2020-03-22"	"2020-03-31"	"NE"	20	0.478429523716103
"989"	"2020-03-23"	"2020-04-01"	"NE"	20	0.422342142407728
"990"	"2020-03-24"	"2020-04-02"	"NE"	20	0.384471693216022
"991"	"2020-03-25"	"2020-04-03"	"NE"	20	0.36734825633207
"992"	"2020-03-26"	"2020-04-04"	"NE"	20	0.360821361440827
"993"	"2020-03-27"	"2020-04-05"	"NE"	20	0.322909203108381
"994"	"2020-03-28"	"2020-04-06"	"NE"	20	0.307221734670197
"995"	"2020-03-29"	"2020-04-07"	"NE"	20	0.271488492370401
"996"	"2020-03-30"	"2020-04-08"	"NE"	20	0.233762496442812
"997"	"2020-03-31"	"2020-04-09"	"NE"	20	0.189966500395901
"998"	"2020-04-01"	"2020-04-10"	"NE"	20	0.157685402092189
"999"	"2020-04-02"	"2020-04-11"	"NE"	20	0.128146769889251
"1000"	"2020-04-03"	"2020-04-12"	"NE"	20	0.0988312883735133
"1001"	"2020-03-02"	"2020-03-11"	"NH"	20	1.24266025707353
"1002"	"2020-03-03"	"2020-03-12"	"NH"	20	0.571404155262059
"1003"	"2020-03-04"	"2020-03-13"	"NH"	20	0.303885903798032
"1004"	"2020-03-05"	"2020-03-14"	"NH"	20	0.365622637119936
"1005"	"2020-03-06"	"2020-03-15"	"NH"	20	0.367926970853801
"1006"	"2020-03-07"	"2020-03-16"	"NH"	20	0.382461674467003
"1007"	"2020-03-08"	"2020-03-17"	"NH"	20	0.385850328960298
"1008"	"2020-03-09"	"2020-03-18"	"NH"	20	0.402121586791924
"1009"	"2020-03-10"	"2020-03-19"	"NH"	20	0.427000815277654
"1010"	"2020-03-11"	"2020-03-20"	"NH"	20	0.457352548675395
"1011"	"2020-03-12"	"2020-03-21"	"NH"	20	0.477926923273764
"1012"	"2020-03-13"	"2020-03-22"	"NH"	20	0.495976940342825
"1013"	"2020-03-14"	"2020-03-23"	"NH"	20	0.510914693347412
"1014"	"2020-03-15"	"2020-03-24"	"NH"	20	0.509653721896571
"1015"	"2020-03-16"	"2020-03-25"	"NH"	20	0.515435766979277
"1016"	"2020-03-17"	"2020-03-26"	"NH"	20	0.507921167915009
"1017"	"2020-03-18"	"2020-03-27"	"NH"	20	0.495147257138913
"1018"	"2020-03-19"	"2020-03-28"	"NH"	20	0.495018601994518
"1019"	"2020-03-20"	"2020-03-29"	"NH"	20	0.477036071643598
"1020"	"2020-03-21"	"2020-03-30"	"NH"	20	0.447139741157822
"1021"	"2020-03-22"	"2020-03-31"	"NH"	20	0.407193136817892
"1022"	"2020-03-23"	"2020-04-01"	"NH"	20	0.359093903917056
"1023"	"2020-03-24"	"2020-04-02"	"NH"	20	0.257643778133413
"1024"	"2020-03-25"	"2020-04-03"	"NH"	20	0.18487727211756
"1025"	"2020-03-26"	"2020-04-04"	"NH"	20	0.105703650927441
"1026"	"2020-03-27"	"2020-04-05"	"NH"	20	0.0561632608688647
"1027"	"2020-03-28"	"2020-04-06"	"NH"	20	0.0271471822978291
"1028"	"2020-03-29"	"2020-04-07"	"NH"	20	0.0448796338089661
"1029"	"2020-03-30"	"2020-04-08"	"NH"	20	0.0614548771071289
"1030"	"2020-03-31"	"2020-04-09"	"NH"	20	0.0866849806416734
"1031"	"2020-04-01"	"2020-04-10"	"NH"	20	0.0521287427286829
"1032"	"2020-04-02"	"2020-04-11"	"NH"	20	0.136766218027324
"1033"	"2020-04-03"	"2020-04-12"	"NH"	20	0.167851786680851
"1034"	"2020-03-05"	"2020-03-14"	"NJ"	20	1.66851276860248
"1035"	"2020-03-06"	"2020-03-15"	"NJ"	20	0.529426409079798
"1036"	"2020-03-07"	"2020-03-16"	"NJ"	20	0.228875337838225
"1037"	"2020-03-08"	"2020-03-17"	"NJ"	20	0.121889135549737
"1038"	"2020-03-09"	"2020-03-18"	"NJ"	20	0.297526638802385
"1039"	"2020-03-10"	"2020-03-19"	"NJ"	20	0.326796126000385
"1040"	"2020-03-11"	"2020-03-20"	"NJ"	20	0.356359861130576
"1041"	"2020-03-12"	"2020-03-21"	"NJ"	20	0.40187724442774
"1042"	"2020-03-13"	"2020-03-22"	"NJ"	20	0.485792343863362
"1043"	"2020-03-14"	"2020-03-23"	"NJ"	20	0.557349912422817
"1044"	"2020-03-15"	"2020-03-24"	"NJ"	20	0.612789494086053
"1045"	"2020-03-16"	"2020-03-25"	"NJ"	20	0.643798618790767
"1046"	"2020-03-17"	"2020-03-26"	"NJ"	20	0.659960088335884
"1047"	"2020-03-18"	"2020-03-27"	"NJ"	20	0.58867104609653
"1048"	"2020-03-19"	"2020-03-28"	"NJ"	20	0.522249297916596
"1049"	"2020-03-20"	"2020-03-29"	"NJ"	20	0.457097454167892
"1050"	"2020-03-21"	"2020-03-30"	"NJ"	20	0.410650176937946
"1051"	"2020-03-22"	"2020-03-31"	"NJ"	20	0.361387604843492
"1052"	"2020-03-23"	"2020-04-01"	"NJ"	20	0.309181667787732
"1053"	"2020-03-24"	"2020-04-02"	"NJ"	20	0.242234801019295
"1054"	"2020-03-25"	"2020-04-03"	"NJ"	20	0.171556949456028
"1055"	"2020-03-26"	"2020-04-04"	"NJ"	20	0.130079757642638
"1056"	"2020-03-27"	"2020-04-05"	"NJ"	20	0.105978783050802
"1057"	"2020-03-28"	"2020-04-06"	"NJ"	20	0.0810489392410742
"1058"	"2020-03-29"	"2020-04-07"	"NJ"	20	0.068971911082305
"1059"	"2020-03-30"	"2020-04-08"	"NJ"	20	0.0666135134033636
"1060"	"2020-03-31"	"2020-04-09"	"NJ"	20	0.043332065899861
"1061"	"2020-04-01"	"2020-04-10"	"NJ"	20	0.0402708967097028
"1062"	"2020-04-02"	"2020-04-11"	"NJ"	20	0.0345190949256638
"1063"	"2020-04-03"	"2020-04-12"	"NJ"	20	0.0453502766067468
"1064"	"2020-03-11"	"2020-03-20"	"NM"	20	0.540703720054795
"1065"	"2020-03-12"	"2020-03-21"	"NM"	20	0.616071324079638
"1066"	"2020-03-13"	"2020-03-22"	"NM"	20	0.619639780475031
"1067"	"2020-03-14"	"2020-03-23"	"NM"	20	0.560615969589464
"1068"	"2020-03-15"	"2020-03-24"	"NM"	20	0.536734842784495
"1069"	"2020-03-16"	"2020-03-25"	"NM"	20	0.508813022018868
"1070"	"2020-03-17"	"2020-03-26"	"NM"	20	0.498239194832418
"1071"	"2020-03-18"	"2020-03-27"	"NM"	20	0.469318406340341
"1072"	"2020-03-19"	"2020-03-28"	"NM"	20	0.45028246428016
"1073"	"2020-03-20"	"2020-03-29"	"NM"	20	0.446662233475081
"1074"	"2020-03-21"	"2020-03-30"	"NM"	20	0.461316892467351
"1075"	"2020-03-22"	"2020-03-31"	"NM"	20	0.446761988240346
"1076"	"2020-03-23"	"2020-04-01"	"NM"	20	0.441935197424148
"1077"	"2020-03-24"	"2020-04-02"	"NM"	20	0.415628987084218
"1078"	"2020-03-25"	"2020-04-03"	"NM"	20	0.392607971947554
"1079"	"2020-03-26"	"2020-04-04"	"NM"	20	0.376704145537825
"1080"	"2020-03-27"	"2020-04-05"	"NM"	20	0.399413955836408
"1081"	"2020-03-28"	"2020-04-06"	"NM"	20	0.342716936285374
"1082"	"2020-03-29"	"2020-04-07"	"NM"	20	0.288021337600834
"1083"	"2020-03-30"	"2020-04-08"	"NM"	20	0.238866442202387
"1084"	"2020-03-31"	"2020-04-09"	"NM"	20	0.168822688889106
"1085"	"2020-04-01"	"2020-04-10"	"NM"	20	0.115261271513177
"1086"	"2020-04-02"	"2020-04-11"	"NM"	20	0.0816812381201903
"1087"	"2020-04-03"	"2020-04-12"	"NM"	20	0.121299357340198
"1088"	"2020-03-05"	"2020-03-14"	"NV"	20	1.01250187909876
"1089"	"2020-03-06"	"2020-03-15"	"NV"	20	0.517881443691793
"1090"	"2020-03-07"	"2020-03-16"	"NV"	20	0.318380829056998
"1091"	"2020-03-08"	"2020-03-17"	"NV"	20	0.256213567197076
"1092"	"2020-03-09"	"2020-03-18"	"NV"	20	0.279968845574014
"1093"	"2020-03-10"	"2020-03-19"	"NV"	20	0.33892095757012
"1094"	"2020-03-11"	"2020-03-20"	"NV"	20	0.357443204028203
"1095"	"2020-03-12"	"2020-03-21"	"NV"	20	0.382278028324538
"1096"	"2020-03-13"	"2020-03-22"	"NV"	20	0.424602008052895
"1097"	"2020-03-14"	"2020-03-23"	"NV"	20	0.469873730975432
"1098"	"2020-03-15"	"2020-03-24"	"NV"	20	0.508453816116334
"1099"	"2020-03-16"	"2020-03-25"	"NV"	20	0.520812524117574
"1100"	"2020-03-17"	"2020-03-26"	"NV"	20	0.531090338649287
"1101"	"2020-03-18"	"2020-03-27"	"NV"	20	0.476289229048314
"1102"	"2020-03-19"	"2020-03-28"	"NV"	20	0.415944180471028
"1103"	"2020-03-20"	"2020-03-29"	"NV"	20	0.371348924857257
"1104"	"2020-03-21"	"2020-03-30"	"NV"	20	0.283705739678874
"1105"	"2020-03-22"	"2020-03-31"	"NV"	20	0.224116538182711
"1106"	"2020-03-23"	"2020-04-01"	"NV"	20	0.178750468015307
"1107"	"2020-03-24"	"2020-04-02"	"NV"	20	0.12817383350034
"1108"	"2020-03-25"	"2020-04-03"	"NV"	20	0.128868678424443
"1109"	"2020-03-26"	"2020-04-04"	"NV"	20	0.134901143315937
"1110"	"2020-03-27"	"2020-04-05"	"NV"	20	0.0752231829147186
"1111"	"2020-03-28"	"2020-04-06"	"NV"	20	0.0487937397247913
"1112"	"2020-03-29"	"2020-04-07"	"NV"	20	0.0497185490125665
"1113"	"2020-03-30"	"2020-04-08"	"NV"	20	0
"1114"	"2020-03-31"	"2020-04-09"	"NV"	20	0
"1115"	"2020-04-01"	"2020-04-10"	"NV"	20	0
"1116"	"2020-04-02"	"2020-04-11"	"NV"	20	0
"1117"	"2020-04-03"	"2020-04-12"	"NV"	20	0.0918372145678159
"1118"	"2020-03-02"	"2020-03-11"	"NY"	20	1.58632058457997
"1119"	"2020-03-03"	"2020-03-12"	"NY"	20	0.42160158546986
"1120"	"2020-03-04"	"2020-03-13"	"NY"	20	0.0629276121368771
"1121"	"2020-03-05"	"2020-03-14"	"NY"	20	0
"1122"	"2020-03-06"	"2020-03-15"	"NY"	20	0.222879182863009
"1123"	"2020-03-07"	"2020-03-16"	"NY"	20	0.211539293763422
"1124"	"2020-03-08"	"2020-03-17"	"NY"	20	0.360629575360623
"1125"	"2020-03-09"	"2020-03-18"	"NY"	20	0.437619437752914
"1126"	"2020-03-10"	"2020-03-19"	"NY"	20	0.494017900057172
"1127"	"2020-03-11"	"2020-03-20"	"NY"	20	0.562502522895241
"1128"	"2020-03-12"	"2020-03-21"	"NY"	20	0.60908393170548
"1129"	"2020-03-13"	"2020-03-22"	"NY"	20	0.630391707648794
"1130"	"2020-03-14"	"2020-03-23"	"NY"	20	0.548960171793527
"1131"	"2020-03-15"	"2020-03-24"	"NY"	20	0.456688838586118
"1132"	"2020-03-16"	"2020-03-25"	"NY"	20	0.375138959668777
"1133"	"2020-03-17"	"2020-03-26"	"NY"	20	0.31001787259467
"1134"	"2020-03-18"	"2020-03-27"	"NY"	20	0.26682602403043
"1135"	"2020-03-19"	"2020-03-28"	"NY"	20	0.245631041072302
"1136"	"2020-03-20"	"2020-03-29"	"NY"	20	0.227402135455628
"1137"	"2020-03-21"	"2020-03-30"	"NY"	20	0.233760805675694
"1138"	"2020-03-22"	"2020-03-31"	"NY"	20	0.222589516206584
"1139"	"2020-03-23"	"2020-04-01"	"NY"	20	0.208702472041385
"1140"	"2020-03-24"	"2020-04-02"	"NY"	20	0.176113166364252
"1141"	"2020-03-25"	"2020-04-03"	"NY"	20	0.15831326568091
"1142"	"2020-03-26"	"2020-04-04"	"NY"	20	0.1328771041806
"1143"	"2020-03-27"	"2020-04-05"	"NY"	20	0.113740490437903
"1144"	"2020-03-28"	"2020-04-06"	"NY"	20	0.114957834474765
"1145"	"2020-03-29"	"2020-04-07"	"NY"	20	0.0939132971962211
"1146"	"2020-03-30"	"2020-04-08"	"NY"	20	0.075183656976013
"1147"	"2020-03-31"	"2020-04-09"	"NY"	20	0.0449023931558949
"1148"	"2020-04-01"	"2020-04-10"	"NY"	20	0.0173267180114804
"1149"	"2020-04-02"	"2020-04-11"	"NY"	20	0
"1150"	"2020-04-03"	"2020-04-12"	"NY"	20	0.0144777313529762
"1151"	"2020-03-09"	"2020-03-18"	"OH"	20	1.04157477565206
"1152"	"2020-03-10"	"2020-03-19"	"OH"	20	0.59931067481455
"1153"	"2020-03-11"	"2020-03-20"	"OH"	20	0.435887011076181
"1154"	"2020-03-12"	"2020-03-21"	"OH"	20	0.394686333909024
"1155"	"2020-03-13"	"2020-03-22"	"OH"	20	0.397893773204537
"1156"	"2020-03-14"	"2020-03-23"	"OH"	20	0.409198275049396
"1157"	"2020-03-15"	"2020-03-24"	"OH"	20	0.422110679740154
"1158"	"2020-03-16"	"2020-03-25"	"OH"	20	0.458793583096632
"1159"	"2020-03-17"	"2020-03-26"	"OH"	20	0.474277605183992
"1160"	"2020-03-18"	"2020-03-27"	"OH"	20	0.480289826256044
"1161"	"2020-03-19"	"2020-03-28"	"OH"	20	0.445565879701747
"1162"	"2020-03-20"	"2020-03-29"	"OH"	20	0.403847958260636
"1163"	"2020-03-21"	"2020-03-30"	"OH"	20	0.37320590890507
"1164"	"2020-03-22"	"2020-03-31"	"OH"	20	0.342944328661739
"1165"	"2020-03-23"	"2020-04-01"	"OH"	20	0.294525914778859
"1166"	"2020-03-24"	"2020-04-02"	"OH"	20	0.252972112987868
"1167"	"2020-03-25"	"2020-04-03"	"OH"	20	0.209312888199514
"1168"	"2020-03-26"	"2020-04-04"	"OH"	20	0.171958826918379
"1169"	"2020-03-27"	"2020-04-05"	"OH"	20	0.15706197600182
"1170"	"2020-03-28"	"2020-04-06"	"OH"	20	0.14329931384839
"1171"	"2020-03-29"	"2020-04-07"	"OH"	20	0.126674204699042
"1172"	"2020-03-30"	"2020-04-08"	"OH"	20	0.117022964822404
"1173"	"2020-03-31"	"2020-04-09"	"OH"	20	0.108062610525792
"1174"	"2020-04-01"	"2020-04-10"	"OH"	20	0.123763775935583
"1175"	"2020-04-02"	"2020-04-11"	"OH"	20	0.16316323023397
"1176"	"2020-04-03"	"2020-04-12"	"OH"	20	0.245583175656417
"1177"	"2020-03-07"	"2020-03-16"	"OK"	20	0.901690981157709
"1178"	"2020-03-08"	"2020-03-17"	"OK"	20	0.504432982852176
"1179"	"2020-03-09"	"2020-03-18"	"OK"	20	0.345815173312653
"1180"	"2020-03-10"	"2020-03-19"	"OK"	20	0.272884638873429
"1181"	"2020-03-11"	"2020-03-20"	"OK"	20	0.289111862286029
"1182"	"2020-03-12"	"2020-03-21"	"OK"	20	0.357503356609853
"1183"	"2020-03-13"	"2020-03-22"	"OK"	20	0.379755850797408
"1184"	"2020-03-14"	"2020-03-23"	"OK"	20	0.459376388352852
"1185"	"2020-03-15"	"2020-03-24"	"OK"	20	0.524325143766207
"1186"	"2020-03-16"	"2020-03-25"	"OK"	20	0.55475211791863
"1187"	"2020-03-17"	"2020-03-26"	"OK"	20	0.568467878142934
"1188"	"2020-03-18"	"2020-03-27"	"OK"	20	0.573432289338477
"1189"	"2020-03-19"	"2020-03-28"	"OK"	20	0.572332027959126
"1190"	"2020-03-20"	"2020-03-29"	"OK"	20	0.55704027847939
"1191"	"2020-03-21"	"2020-03-30"	"OK"	20	0.491351603573497
"1192"	"2020-03-22"	"2020-03-31"	"OK"	20	0.415321299568845
"1193"	"2020-03-23"	"2020-04-01"	"OK"	20	0.324475045331632
"1194"	"2020-03-24"	"2020-04-02"	"OK"	20	0.238850925266804
"1195"	"2020-03-25"	"2020-04-03"	"OK"	20	0.179466257050351
"1196"	"2020-03-26"	"2020-04-04"	"OK"	20	0.142379749528281
"1197"	"2020-03-27"	"2020-04-05"	"OK"	20	0.0758132391245596
"1198"	"2020-03-28"	"2020-04-06"	"OK"	20	0.0871988655438617
"1199"	"2020-03-29"	"2020-04-07"	"OK"	20	0.0575725578070265
"1200"	"2020-03-30"	"2020-04-08"	"OK"	20	0.0255415799461894
"1201"	"2020-03-31"	"2020-04-09"	"OK"	20	0.00559096791628323
"1202"	"2020-04-01"	"2020-04-10"	"OK"	20	0.0108146372375019
"1203"	"2020-04-02"	"2020-04-11"	"OK"	20	0.0115515021058393
"1204"	"2020-04-03"	"2020-04-12"	"OK"	20	0
"1205"	"2020-02-29"	"2020-03-09"	"OR"	20	0.544303671776561
"1206"	"2020-03-01"	"2020-03-10"	"OR"	20	0.453429227501946
"1207"	"2020-03-02"	"2020-03-11"	"OR"	20	0.34343997217519
"1208"	"2020-03-03"	"2020-03-12"	"OR"	20	0.264150267777325
"1209"	"2020-03-04"	"2020-03-13"	"OR"	20	0.254282589454172
"1210"	"2020-03-05"	"2020-03-14"	"OR"	20	0.27804833790724
"1211"	"2020-03-06"	"2020-03-15"	"OR"	20	0.32012106078452
"1212"	"2020-03-07"	"2020-03-16"	"OR"	20	0.364510494691996
"1213"	"2020-03-08"	"2020-03-17"	"OR"	20	0.366516501644278
"1214"	"2020-03-09"	"2020-03-18"	"OR"	20	0.409749371914443
"1215"	"2020-03-10"	"2020-03-19"	"OR"	20	0.446030750369201
"1216"	"2020-03-11"	"2020-03-20"	"OR"	20	0.469130365884849
"1217"	"2020-03-12"	"2020-03-21"	"OR"	20	0.49185678304251
"1218"	"2020-03-13"	"2020-03-22"	"OR"	20	0.513654544890112
"1219"	"2020-03-14"	"2020-03-23"	"OR"	20	0.531932735331709
"1220"	"2020-03-15"	"2020-03-24"	"OR"	20	0.546179743635016
"1221"	"2020-03-16"	"2020-03-25"	"OR"	20	0.537580612313115
"1222"	"2020-03-17"	"2020-03-26"	"OR"	20	0.467404732301645
"1223"	"2020-03-18"	"2020-03-27"	"OR"	20	0.37725337740825
"1224"	"2020-03-19"	"2020-03-28"	"OR"	20	0.308826387433255
"1225"	"2020-03-20"	"2020-03-29"	"OR"	20	0.271345406699965
"1226"	"2020-03-21"	"2020-03-30"	"OR"	20	0.238832286260951
"1227"	"2020-03-22"	"2020-03-31"	"OR"	20	0.208517444600393
"1228"	"2020-03-23"	"2020-04-01"	"OR"	20	0.175168553663546
"1229"	"2020-03-24"	"2020-04-02"	"OR"	20	0.122221578054761
"1230"	"2020-03-25"	"2020-04-03"	"OR"	20	0.0915705307667498
"1231"	"2020-03-26"	"2020-04-04"	"OR"	20	0.0547174273287567
"1232"	"2020-03-27"	"2020-04-05"	"OR"	20	0.0606712632236163
"1233"	"2020-03-28"	"2020-04-06"	"OR"	20	0.0532025761830905
"1234"	"2020-03-29"	"2020-04-07"	"OR"	20	0.0573917823360817
"1235"	"2020-03-30"	"2020-04-08"	"OR"	20	0.0517544767943899
"1236"	"2020-03-31"	"2020-04-09"	"OR"	20	0.0579025223208795
"1237"	"2020-04-01"	"2020-04-10"	"OR"	20	0.0247548848978147
"1238"	"2020-04-02"	"2020-04-11"	"OR"	20	0.0171304875042693
"1239"	"2020-04-03"	"2020-04-12"	"OR"	20	0
"1240"	"2020-03-06"	"2020-03-15"	"PA"	20	1.0796412783338
"1241"	"2020-03-07"	"2020-03-16"	"PA"	20	0.577005590107708
"1242"	"2020-03-08"	"2020-03-17"	"PA"	20	0.355972365886564
"1243"	"2020-03-09"	"2020-03-18"	"PA"	20	0.277770667493924
"1244"	"2020-03-10"	"2020-03-19"	"PA"	20	0.393063010447151
"1245"	"2020-03-11"	"2020-03-20"	"PA"	20	0.426544794821342
"1246"	"2020-03-12"	"2020-03-21"	"PA"	20	0.44033268312115
"1247"	"2020-03-13"	"2020-03-22"	"PA"	20	0.486993778613747
"1248"	"2020-03-14"	"2020-03-23"	"PA"	20	0.568890536295901
"1249"	"2020-03-15"	"2020-03-24"	"PA"	20	0.602283608671757
"1250"	"2020-03-16"	"2020-03-25"	"PA"	20	0.642746474924619
"1251"	"2020-03-17"	"2020-03-26"	"PA"	20	0.655036534500322
"1252"	"2020-03-18"	"2020-03-27"	"PA"	20	0.634279246325208
"1253"	"2020-03-19"	"2020-03-28"	"PA"	20	0.595713372818646
"1254"	"2020-03-20"	"2020-03-29"	"PA"	20	0.573261924719139
"1255"	"2020-03-21"	"2020-03-30"	"PA"	20	0.548396018944128
"1256"	"2020-03-22"	"2020-03-31"	"PA"	20	0.509073381212065
"1257"	"2020-03-23"	"2020-04-01"	"PA"	20	0.46145861478414
"1258"	"2020-03-24"	"2020-04-02"	"PA"	20	0.407154089374593
"1259"	"2020-03-25"	"2020-04-03"	"PA"	20	0.359922382125033
"1260"	"2020-03-26"	"2020-04-04"	"PA"	20	0.321628004767071
"1261"	"2020-03-27"	"2020-04-05"	"PA"	20	0.283757224335731
"1262"	"2020-03-28"	"2020-04-06"	"PA"	20	0.240510164812347
"1263"	"2020-03-29"	"2020-04-07"	"PA"	20	0.194212593679575
"1264"	"2020-03-30"	"2020-04-08"	"PA"	20	0.140794750806037
"1265"	"2020-03-31"	"2020-04-09"	"PA"	20	0.085192677724012
"1266"	"2020-04-01"	"2020-04-10"	"PA"	20	0.0383530620993227
"1267"	"2020-04-02"	"2020-04-11"	"PA"	20	0.00730784005931383
"1268"	"2020-04-03"	"2020-04-12"	"PA"	20	0
"1269"	"2020-03-01"	"2020-03-10"	"RI"	20	1.05233973257748
"1270"	"2020-03-02"	"2020-03-11"	"RI"	20	0.746704887895842
"1271"	"2020-03-03"	"2020-03-12"	"RI"	20	0.606492763471602
"1272"	"2020-03-04"	"2020-03-13"	"RI"	20	0.536674583354327
"1273"	"2020-03-05"	"2020-03-14"	"RI"	20	0.516522496405152
"1274"	"2020-03-06"	"2020-03-15"	"RI"	20	0.524167175773795
"1275"	"2020-03-07"	"2020-03-16"	"RI"	20	0.53248360943292
"1276"	"2020-03-08"	"2020-03-17"	"RI"	20	0.560681284146237
"1277"	"2020-03-09"	"2020-03-18"	"RI"	20	0.587618505171338
"1278"	"2020-03-10"	"2020-03-19"	"RI"	20	0.593804965927737
"1279"	"2020-03-11"	"2020-03-20"	"RI"	20	0.600438856554662
"1280"	"2020-03-12"	"2020-03-21"	"RI"	20	0.590708109506246
"1281"	"2020-03-13"	"2020-03-22"	"RI"	20	0.591611749380169
"1282"	"2020-03-14"	"2020-03-23"	"RI"	20	0.591635521191543
"1283"	"2020-03-15"	"2020-03-24"	"RI"	20	0.611740258663141
"1284"	"2020-03-16"	"2020-03-25"	"RI"	20	0.632617091121189
"1285"	"2020-03-17"	"2020-03-26"	"RI"	20	0.647858252652328
"1286"	"2020-03-18"	"2020-03-27"	"RI"	20	0.648467694758644
"1287"	"2020-03-19"	"2020-03-28"	"RI"	20	0.63926204628267
"1288"	"2020-03-20"	"2020-03-29"	"RI"	20	0.538753913660338
"1289"	"2020-03-21"	"2020-03-30"	"RI"	20	0.475182035090816
"1290"	"2020-03-22"	"2020-03-31"	"RI"	20	0.422771631464462
"1291"	"2020-03-23"	"2020-04-01"	"RI"	20	0.41412935286134
"1292"	"2020-03-24"	"2020-04-02"	"RI"	20	0.40588450867471
"1293"	"2020-03-25"	"2020-04-03"	"RI"	20	0.447169596692133
"1294"	"2020-03-26"	"2020-04-04"	"RI"	20	0.492577026994406
"1295"	"2020-03-27"	"2020-04-05"	"RI"	20	0.524573185630536
"1296"	"2020-03-28"	"2020-04-06"	"RI"	20	0.526776025681516
"1297"	"2020-03-29"	"2020-04-07"	"RI"	20	0.493408761204078
"1298"	"2020-03-30"	"2020-04-08"	"RI"	20	0.495576845759378
"1299"	"2020-03-31"	"2020-04-09"	"RI"	20	0.435225083838362
"1300"	"2020-04-01"	"2020-04-10"	"RI"	20	0.365004639393526
"1301"	"2020-04-02"	"2020-04-11"	"RI"	20	0.299599701474264
"1302"	"2020-04-03"	"2020-04-12"	"RI"	20	0.231598534585373
"1303"	"2020-03-06"	"2020-03-15"	"SC"	20	1.13005073504838
"1304"	"2020-03-07"	"2020-03-16"	"SC"	20	0.593103950119925
"1305"	"2020-03-08"	"2020-03-17"	"SC"	20	0.376810172563069
"1306"	"2020-03-09"	"2020-03-18"	"SC"	20	0.354247052721018
"1307"	"2020-03-10"	"2020-03-19"	"SC"	20	0.382824664131361
"1308"	"2020-03-11"	"2020-03-20"	"SC"	20	0.408131924128303
"1309"	"2020-03-12"	"2020-03-21"	"SC"	20	0.420625540537851
"1310"	"2020-03-13"	"2020-03-22"	"SC"	20	0.444897746452887
"1311"	"2020-03-14"	"2020-03-23"	"SC"	20	0.459660312175951
"1312"	"2020-03-15"	"2020-03-24"	"SC"	20	0.471024611569607
"1313"	"2020-03-16"	"2020-03-25"	"SC"	20	0.48651262137923
"1314"	"2020-03-17"	"2020-03-26"	"SC"	20	0.496115741628891
"1315"	"2020-03-18"	"2020-03-27"	"SC"	20	0.503020237766514
"1316"	"2020-03-19"	"2020-03-28"	"SC"	20	0.508267544121151
"1317"	"2020-03-20"	"2020-03-29"	"SC"	20	0.499691663770028
"1318"	"2020-03-21"	"2020-03-30"	"SC"	20	0.457132654484364
"1319"	"2020-03-22"	"2020-03-31"	"SC"	20	0.371954085477384
"1320"	"2020-03-23"	"2020-04-01"	"SC"	20	0.329871791614311
"1321"	"2020-03-24"	"2020-04-02"	"SC"	20	0.255354136366449
"1322"	"2020-03-25"	"2020-04-03"	"SC"	20	0.211218789532209
"1323"	"2020-03-26"	"2020-04-04"	"SC"	20	0.157449125962063
"1324"	"2020-03-27"	"2020-04-05"	"SC"	20	0.135127101179502
"1325"	"2020-03-28"	"2020-04-06"	"SC"	20	0.122801725256434
"1326"	"2020-03-29"	"2020-04-07"	"SC"	20	0.0988203411116684
"1327"	"2020-03-30"	"2020-04-08"	"SC"	20	0.0753212258575358
"1328"	"2020-03-31"	"2020-04-09"	"SC"	20	0.0471604281590639
"1329"	"2020-04-01"	"2020-04-10"	"SC"	20	0.0362764468727786
"1330"	"2020-04-02"	"2020-04-11"	"SC"	20	0.0522157624453492
"1331"	"2020-04-03"	"2020-04-12"	"SC"	20	0.0482572130395
"1332"	"2020-03-09"	"2020-03-18"	"SD"	20	0.365478540692871
"1333"	"2020-03-10"	"2020-03-19"	"SD"	20	0.855525071919555
"1334"	"2020-03-11"	"2020-03-20"	"SD"	20	0.73638888442484
"1335"	"2020-03-12"	"2020-03-21"	"SD"	20	0.67889065284268
"1336"	"2020-03-13"	"2020-03-22"	"SD"	20	0.659439222857217
"1337"	"2020-03-14"	"2020-03-23"	"SD"	20	0.66453131583962
"1338"	"2020-03-15"	"2020-03-24"	"SD"	20	0.669033649979108
"1339"	"2020-03-16"	"2020-03-25"	"SD"	20	0.660494519459503
"1340"	"2020-03-17"	"2020-03-26"	"SD"	20	0.606808314314197
"1341"	"2020-03-18"	"2020-03-27"	"SD"	20	0.543075032568849
"1342"	"2020-03-19"	"2020-03-28"	"SD"	20	0.545258813312079
"1343"	"2020-03-20"	"2020-03-29"	"SD"	20	0.52569022371537
"1344"	"2020-03-21"	"2020-03-30"	"SD"	20	0.501751290597059
"1345"	"2020-03-22"	"2020-03-31"	"SD"	20	0.510499245947096
"1346"	"2020-03-23"	"2020-04-01"	"SD"	20	0.497775862296956
"1347"	"2020-03-24"	"2020-04-02"	"SD"	20	0.477394608801724
"1348"	"2020-03-25"	"2020-04-03"	"SD"	20	0.510535732697269
"1349"	"2020-03-26"	"2020-04-04"	"SD"	20	0.523019949228028
"1350"	"2020-03-27"	"2020-04-05"	"SD"	20	0.558652234881238
"1351"	"2020-03-28"	"2020-04-06"	"SD"	20	0.573168697468477
"1352"	"2020-03-29"	"2020-04-07"	"SD"	20	0.605387622958042
"1353"	"2020-03-30"	"2020-04-08"	"SD"	20	0.587883602914379
"1354"	"2020-03-31"	"2020-04-09"	"SD"	20	0.539928879665385
"1355"	"2020-04-01"	"2020-04-10"	"SD"	20	0.527674089262696
"1356"	"2020-04-02"	"2020-04-11"	"SD"	20	0.497023206597122
"1357"	"2020-04-03"	"2020-04-12"	"SD"	20	0.423658599584325
"1358"	"2020-03-05"	"2020-03-14"	"TN"	20	1.29474652086865
"1359"	"2020-03-06"	"2020-03-15"	"TN"	20	0.522110300445893
"1360"	"2020-03-07"	"2020-03-16"	"TN"	20	0.270720800847201
"1361"	"2020-03-08"	"2020-03-17"	"TN"	20	0.329918177402794
"1362"	"2020-03-09"	"2020-03-18"	"TN"	20	0.310135639112962
"1363"	"2020-03-10"	"2020-03-19"	"TN"	20	0.322946543005305
"1364"	"2020-03-11"	"2020-03-20"	"TN"	20	0.365443029563989
"1365"	"2020-03-12"	"2020-03-21"	"TN"	20	0.406306229822609
"1366"	"2020-03-13"	"2020-03-22"	"TN"	20	0.441950851776519
"1367"	"2020-03-14"	"2020-03-23"	"TN"	20	0.462473937560133
"1368"	"2020-03-15"	"2020-03-24"	"TN"	20	0.481453290876381
"1369"	"2020-03-16"	"2020-03-25"	"TN"	20	0.487688376724605
"1370"	"2020-03-17"	"2020-03-26"	"TN"	20	0.498534105670615
"1371"	"2020-03-18"	"2020-03-27"	"TN"	20	0.46867418780979
"1372"	"2020-03-19"	"2020-03-28"	"TN"	20	0.432448343167936
"1373"	"2020-03-20"	"2020-03-29"	"TN"	20	0.377361586031541
"1374"	"2020-03-21"	"2020-03-30"	"TN"	20	0.326597037951694
"1375"	"2020-03-22"	"2020-03-31"	"TN"	20	0.262984948251531
"1376"	"2020-03-23"	"2020-04-01"	"TN"	20	0.20139483893441
"1377"	"2020-03-24"	"2020-04-02"	"TN"	20	0.138712608466775
"1378"	"2020-03-25"	"2020-04-03"	"TN"	20	0.105642048645862
"1379"	"2020-03-26"	"2020-04-04"	"TN"	20	0.0919556174190962
"1380"	"2020-03-27"	"2020-04-05"	"TN"	20	0.0911472450294637
"1381"	"2020-03-28"	"2020-04-06"	"TN"	20	0.0696264919282017
"1382"	"2020-03-29"	"2020-04-07"	"TN"	20	0.0532410912408727
"1383"	"2020-03-30"	"2020-04-08"	"TN"	20	0.044840379913889
"1384"	"2020-03-31"	"2020-04-09"	"TN"	20	0.0682330078380562
"1385"	"2020-04-01"	"2020-04-10"	"TN"	20	0.106318211876827
"1386"	"2020-04-02"	"2020-04-11"	"TN"	20	0.0833156418389373
"1387"	"2020-04-03"	"2020-04-12"	"TN"	20	0.0753595006567307
"1388"	"2020-03-05"	"2020-03-14"	"TX"	20	1.23909044185343
"1389"	"2020-03-06"	"2020-03-15"	"TX"	20	0.558078271782736
"1390"	"2020-03-07"	"2020-03-16"	"TX"	20	0.292577468807511
"1391"	"2020-03-08"	"2020-03-17"	"TX"	20	0.245278100183381
"1392"	"2020-03-09"	"2020-03-18"	"TX"	20	0.359146031796541
"1393"	"2020-03-10"	"2020-03-19"	"TX"	20	0.369472974622923
"1394"	"2020-03-11"	"2020-03-20"	"TX"	20	0.392197860810437
"1395"	"2020-03-12"	"2020-03-21"	"TX"	20	0.478876496552103
"1396"	"2020-03-13"	"2020-03-22"	"TX"	20	0.556053217134319
"1397"	"2020-03-14"	"2020-03-23"	"TX"	20	0.579763478100745
"1398"	"2020-03-15"	"2020-03-24"	"TX"	20	0.607579189414819
"1399"	"2020-03-16"	"2020-03-25"	"TX"	20	0.579968375175169
"1400"	"2020-03-17"	"2020-03-26"	"TX"	20	0.511632963894922
"1401"	"2020-03-18"	"2020-03-27"	"TX"	20	0.470491992578179
"1402"	"2020-03-19"	"2020-03-28"	"TX"	20	0.465385028894201
"1403"	"2020-03-20"	"2020-03-29"	"TX"	20	0.436368073949559
"1404"	"2020-03-21"	"2020-03-30"	"TX"	20	0.386504254943431
"1405"	"2020-03-22"	"2020-03-31"	"TX"	20	0.327585372657918
"1406"	"2020-03-23"	"2020-04-01"	"TX"	20	0.316019929309831
"1407"	"2020-03-24"	"2020-04-02"	"TX"	20	0.282999138144451
"1408"	"2020-03-25"	"2020-04-03"	"TX"	20	0.278547368208591
"1409"	"2020-03-26"	"2020-04-04"	"TX"	20	0.287717111627766
"1410"	"2020-03-27"	"2020-04-05"	"TX"	20	0.289133590050847
"1411"	"2020-03-28"	"2020-04-06"	"TX"	20	0.269400788451307
"1412"	"2020-03-29"	"2020-04-07"	"TX"	20	0.237729609720538
"1413"	"2020-03-30"	"2020-04-08"	"TX"	20	0.182688875323905
"1414"	"2020-03-31"	"2020-04-09"	"TX"	20	0.123717297961279
"1415"	"2020-04-01"	"2020-04-10"	"TX"	20	0.0770888732916272
"1416"	"2020-04-02"	"2020-04-11"	"TX"	20	0.0476208159563029
"1417"	"2020-04-03"	"2020-04-12"	"TX"	20	0.0420074227635279
"1418"	"2020-03-07"	"2020-03-16"	"UT"	20	0.941428221341749
"1419"	"2020-03-08"	"2020-03-17"	"UT"	20	0.575970838150617
"1420"	"2020-03-09"	"2020-03-18"	"UT"	20	0.42821497573012
"1421"	"2020-03-10"	"2020-03-19"	"UT"	20	0.388013114214454
"1422"	"2020-03-11"	"2020-03-20"	"UT"	20	0.39000291429126
"1423"	"2020-03-12"	"2020-03-21"	"UT"	20	0.397785916361097
"1424"	"2020-03-13"	"2020-03-22"	"UT"	20	0.41618958348568
"1425"	"2020-03-14"	"2020-03-23"	"UT"	20	0.424884621527186
"1426"	"2020-03-15"	"2020-03-24"	"UT"	20	0.445091414408535
"1427"	"2020-03-16"	"2020-03-25"	"UT"	20	0.45263470657863
"1428"	"2020-03-17"	"2020-03-26"	"UT"	20	0.453410818721282
"1429"	"2020-03-18"	"2020-03-27"	"UT"	20	0.421769242716686
"1430"	"2020-03-19"	"2020-03-28"	"UT"	20	0.360106200416966
"1431"	"2020-03-20"	"2020-03-29"	"UT"	20	0.335884368374013
"1432"	"2020-03-21"	"2020-03-30"	"UT"	20	0.315181909673843
"1433"	"2020-03-22"	"2020-03-31"	"UT"	20	0.313119067575632
"1434"	"2020-03-23"	"2020-04-01"	"UT"	20	0.317389009285534
"1435"	"2020-03-24"	"2020-04-02"	"UT"	20	0.264398679416097
"1436"	"2020-03-25"	"2020-04-03"	"UT"	20	0.198438479831027
"1437"	"2020-03-26"	"2020-04-04"	"UT"	20	0.140234721557659
"1438"	"2020-03-27"	"2020-04-05"	"UT"	20	0.0960082635962488
"1439"	"2020-03-28"	"2020-04-06"	"UT"	20	0.090880878239479
"1440"	"2020-03-29"	"2020-04-07"	"UT"	20	0.0870584717834089
"1441"	"2020-03-30"	"2020-04-08"	"UT"	20	0.0697741976072946
"1442"	"2020-03-31"	"2020-04-09"	"UT"	20	0.0402726129900412
"1443"	"2020-04-01"	"2020-04-10"	"UT"	20	0.0304151703364188
"1444"	"2020-04-02"	"2020-04-11"	"UT"	20	0.00659058521416686
"1445"	"2020-04-03"	"2020-04-12"	"UT"	20	0.0534605618367288
"1446"	"2020-03-08"	"2020-03-17"	"VA"	20	0.75702711448611
"1447"	"2020-03-09"	"2020-03-18"	"VA"	20	0.622492363676321
"1448"	"2020-03-10"	"2020-03-19"	"VA"	20	0.514635411908371
"1449"	"2020-03-11"	"2020-03-20"	"VA"	20	0.466264822566093
"1450"	"2020-03-12"	"2020-03-21"	"VA"	20	0.463326188990785
"1451"	"2020-03-13"	"2020-03-22"	"VA"	20	0.449801420069538
"1452"	"2020-03-14"	"2020-03-23"	"VA"	20	0.485270718175832
"1453"	"2020-03-15"	"2020-03-24"	"VA"	20	0.517207437440517
"1454"	"2020-03-16"	"2020-03-25"	"VA"	20	0.542637112970476
"1455"	"2020-03-17"	"2020-03-26"	"VA"	20	0.555740763763596
"1456"	"2020-03-18"	"2020-03-27"	"VA"	20	0.566143015119126
"1457"	"2020-03-19"	"2020-03-28"	"VA"	20	0.567940745214136
"1458"	"2020-03-20"	"2020-03-29"	"VA"	20	0.53167247320436
"1459"	"2020-03-21"	"2020-03-30"	"VA"	20	0.499609516187617
"1460"	"2020-03-22"	"2020-03-31"	"VA"	20	0.472810991760379
"1461"	"2020-03-23"	"2020-04-01"	"VA"	20	0.41429586323698
"1462"	"2020-03-24"	"2020-04-02"	"VA"	20	0.370895329291895
"1463"	"2020-03-25"	"2020-04-03"	"VA"	20	0.341463577884413
"1464"	"2020-03-26"	"2020-04-04"	"VA"	20	0.285916906761024
"1465"	"2020-03-27"	"2020-04-05"	"VA"	20	0.300972641010395
"1466"	"2020-03-28"	"2020-04-06"	"VA"	20	0.286960317155716
"1467"	"2020-03-29"	"2020-04-07"	"VA"	20	0.265733455883119
"1468"	"2020-03-30"	"2020-04-08"	"VA"	20	0.227326519484044
"1469"	"2020-03-31"	"2020-04-09"	"VA"	20	0.200052755623882
"1470"	"2020-04-01"	"2020-04-10"	"VA"	20	0.170756027852678
"1471"	"2020-04-02"	"2020-04-11"	"VA"	20	0.145071645655275
"1472"	"2020-04-03"	"2020-04-12"	"VA"	20	0.144641857072977
"1473"	"2020-03-08"	"2020-03-17"	"VT"	20	1.07014229489614
"1474"	"2020-03-09"	"2020-03-18"	"VT"	20	0.595248094101121
"1475"	"2020-03-10"	"2020-03-19"	"VT"	20	0.425483239545141
"1476"	"2020-03-11"	"2020-03-20"	"VT"	20	0.390601753506547
"1477"	"2020-03-12"	"2020-03-21"	"VT"	20	0.379787425423811
"1478"	"2020-03-13"	"2020-03-22"	"VT"	20	0.400196697150178
"1479"	"2020-03-14"	"2020-03-23"	"VT"	20	0.422388447842983
"1480"	"2020-03-15"	"2020-03-24"	"VT"	20	0.446758992008322
"1481"	"2020-03-16"	"2020-03-25"	"VT"	20	0.436693979524713
"1482"	"2020-03-17"	"2020-03-26"	"VT"	20	0.349409763837537
"1483"	"2020-03-18"	"2020-03-27"	"VT"	20	0.290746714472815
"1484"	"2020-03-19"	"2020-03-28"	"VT"	20	0.245944235833659
"1485"	"2020-03-20"	"2020-03-29"	"VT"	20	0.254687287614454
"1486"	"2020-03-21"	"2020-03-30"	"VT"	20	0.291237822704355
"1487"	"2020-03-22"	"2020-03-31"	"VT"	20	0.290710833566036
"1488"	"2020-03-23"	"2020-04-01"	"VT"	20	0.31343386571137
"1489"	"2020-03-24"	"2020-04-02"	"VT"	20	0.28515806927797
"1490"	"2020-03-25"	"2020-04-03"	"VT"	20	0.242467432844251
"1491"	"2020-03-26"	"2020-04-04"	"VT"	20	0.197712536919633
"1492"	"2020-03-27"	"2020-04-05"	"VT"	20	0.139245473099571
"1493"	"2020-03-28"	"2020-04-06"	"VT"	20	0.09609483251126
"1494"	"2020-03-29"	"2020-04-07"	"VT"	20	0.0571126938035753
"1495"	"2020-03-30"	"2020-04-08"	"VT"	20	0.0151925748033634
"1496"	"2020-03-31"	"2020-04-09"	"VT"	20	0
"1497"	"2020-04-01"	"2020-04-10"	"VT"	20	0
"1498"	"2020-04-02"	"2020-04-11"	"VT"	20	0
"1499"	"2020-04-03"	"2020-04-12"	"VT"	20	0
"1500"	"2020-01-22"	"2020-01-31"	"WA"	20	0.394082534735371
"1501"	"2020-01-23"	"2020-02-01"	"WA"	20	0.383258371462321
"1502"	"2020-01-24"	"2020-02-02"	"WA"	20	0.126402715501597
"1503"	"2020-01-25"	"2020-02-03"	"WA"	20	0
"1504"	"2020-01-26"	"2020-02-04"	"WA"	20	0
"1505"	"2020-01-27"	"2020-02-05"	"WA"	20	0
"1506"	"2020-01-28"	"2020-02-06"	"WA"	20	0
"1507"	"2020-01-29"	"2020-02-07"	"WA"	20	0
"1508"	"2020-01-30"	"2020-02-08"	"WA"	20	0
"1509"	"2020-01-31"	"2020-02-09"	"WA"	20	0
"1510"	"2020-02-01"	"2020-02-10"	"WA"	20	0
"1511"	"2020-02-02"	"2020-02-11"	"WA"	20	0
"1512"	"2020-02-03"	"2020-02-12"	"WA"	20	0
"1513"	"2020-02-04"	"2020-02-13"	"WA"	20	0
"1514"	"2020-02-05"	"2020-02-14"	"WA"	20	0
"1515"	"2020-02-06"	"2020-02-15"	"WA"	20	0
"1516"	"2020-02-07"	"2020-02-16"	"WA"	20	0
"1517"	"2020-02-08"	"2020-02-17"	"WA"	20	0
"1518"	"2020-02-09"	"2020-02-18"	"WA"	20	0
"1519"	"2020-02-10"	"2020-02-19"	"WA"	20	0
"1520"	"2020-02-11"	"2020-02-20"	"WA"	20	0
"1521"	"2020-02-12"	"2020-02-21"	"WA"	20	0
"1522"	"2020-02-13"	"2020-02-22"	"WA"	20	0
"1523"	"2020-02-14"	"2020-02-23"	"WA"	20	0.110122565346197
"1524"	"2020-02-15"	"2020-02-24"	"WA"	20	0.557739768429878
"1525"	"2020-02-16"	"2020-02-25"	"WA"	20	1.04663220783046
"1526"	"2020-02-17"	"2020-02-26"	"WA"	20	1.2669823377793
"1527"	"2020-02-18"	"2020-02-27"	"WA"	20	1.40905083452328
"1528"	"2020-02-19"	"2020-02-28"	"WA"	20	1.14358734122144
"1529"	"2020-02-20"	"2020-02-29"	"WA"	20	1.4485813243259
"1530"	"2020-02-21"	"2020-03-01"	"WA"	20	1.27504241046362
"1531"	"2020-02-22"	"2020-03-02"	"WA"	20	1.11649316727366
"1532"	"2020-02-23"	"2020-03-03"	"WA"	20	1.04162405832924
"1533"	"2020-02-24"	"2020-03-04"	"WA"	20	1.03140381043931
"1534"	"2020-02-25"	"2020-03-05"	"WA"	20	1.0700150814028
"1535"	"2020-02-26"	"2020-03-06"	"WA"	20	1.0598491498842
"1536"	"2020-02-27"	"2020-03-07"	"WA"	20	0.972817239444965
"1537"	"2020-02-28"	"2020-03-08"	"WA"	20	0.844395868343007
"1538"	"2020-02-29"	"2020-03-09"	"WA"	20	0.719490970104083
"1539"	"2020-03-01"	"2020-03-10"	"WA"	20	0.594439681912956
"1540"	"2020-03-02"	"2020-03-11"	"WA"	20	0.492528403279848
"1541"	"2020-03-03"	"2020-03-12"	"WA"	20	0.416758535577052
"1542"	"2020-03-04"	"2020-03-13"	"WA"	20	0.366199750112474
"1543"	"2020-03-05"	"2020-03-14"	"WA"	20	0.348808448130503
"1544"	"2020-03-06"	"2020-03-15"	"WA"	20	0.316475722319012
"1545"	"2020-03-07"	"2020-03-16"	"WA"	20	0.298664819843868
"1546"	"2020-03-08"	"2020-03-17"	"WA"	20	0.273201386509856
"1547"	"2020-03-09"	"2020-03-18"	"WA"	20	0.252273775265062
"1548"	"2020-03-10"	"2020-03-19"	"WA"	20	0.25677464355713
"1549"	"2020-03-11"	"2020-03-20"	"WA"	20	0.26449096019
"1550"	"2020-03-12"	"2020-03-21"	"WA"	20	0.291377078751588
"1551"	"2020-03-13"	"2020-03-22"	"WA"	20	0.350559147034988
"1552"	"2020-03-14"	"2020-03-23"	"WA"	20	0.391450465412902
"1553"	"2020-03-15"	"2020-03-24"	"WA"	20	0.415245179742812
"1554"	"2020-03-16"	"2020-03-25"	"WA"	20	0.391972315497523
"1555"	"2020-03-17"	"2020-03-26"	"WA"	20	0.323671195101321
"1556"	"2020-03-18"	"2020-03-27"	"WA"	20	0.257691820960509
"1557"	"2020-03-19"	"2020-03-28"	"WA"	20	0.190580729988301
"1558"	"2020-03-20"	"2020-03-29"	"WA"	20	0.124552857163151
"1559"	"2020-03-21"	"2020-03-30"	"WA"	20	0.0837232414128759
"1560"	"2020-03-22"	"2020-03-31"	"WA"	20	0.0395397050901408
"1561"	"2020-03-23"	"2020-04-01"	"WA"	20	0
"1562"	"2020-03-24"	"2020-04-02"	"WA"	20	0
"1563"	"2020-03-25"	"2020-04-03"	"WA"	20	0
"1564"	"2020-03-26"	"2020-04-04"	"WA"	20	0
"1565"	"2020-03-27"	"2020-04-05"	"WA"	20	0
"1566"	"2020-03-28"	"2020-04-06"	"WA"	20	0
"1567"	"2020-03-29"	"2020-04-07"	"WA"	20	0
"1568"	"2020-03-30"	"2020-04-08"	"WA"	20	0
"1569"	"2020-03-31"	"2020-04-09"	"WA"	20	0
"1570"	"2020-04-01"	"2020-04-10"	"WA"	20	0
"1571"	"2020-04-02"	"2020-04-11"	"WA"	20	0
"1572"	"2020-04-03"	"2020-04-12"	"WA"	20	0
"1573"	"2020-03-09"	"2020-03-18"	"WI"	20	0.764078368789811
"1574"	"2020-03-10"	"2020-03-19"	"WI"	20	0.668489042625132
"1575"	"2020-03-11"	"2020-03-20"	"WI"	20	0.497188794393442
"1576"	"2020-03-12"	"2020-03-21"	"WI"	20	0.435615668214673
"1577"	"2020-03-13"	"2020-03-22"	"WI"	20	0.40201278876578
"1578"	"2020-03-14"	"2020-03-23"	"WI"	20	0.396055516074497
"1579"	"2020-03-15"	"2020-03-24"	"WI"	20	0.399854051719412
"1580"	"2020-03-16"	"2020-03-25"	"WI"	20	0.400606322227153
"1581"	"2020-03-17"	"2020-03-26"	"WI"	20	0.395028598464625
"1582"	"2020-03-18"	"2020-03-27"	"WI"	20	0.357831866494804
"1583"	"2020-03-19"	"2020-03-28"	"WI"	20	0.340562636606271
"1584"	"2020-03-20"	"2020-03-29"	"WI"	20	0.331215182682249
"1585"	"2020-03-21"	"2020-03-30"	"WI"	20	0.332273046818962
"1586"	"2020-03-22"	"2020-03-31"	"WI"	20	0.331751749767973
"1587"	"2020-03-23"	"2020-04-01"	"WI"	20	0.273823629481009
"1588"	"2020-03-24"	"2020-04-02"	"WI"	20	0.218900946565979
"1589"	"2020-03-25"	"2020-04-03"	"WI"	20	0.1977165144954
"1590"	"2020-03-26"	"2020-04-04"	"WI"	20	0.173073791483848
"1591"	"2020-03-27"	"2020-04-05"	"WI"	20	0.155975283159609
"1592"	"2020-03-28"	"2020-04-06"	"WI"	20	0.145393038070113
"1593"	"2020-03-29"	"2020-04-07"	"WI"	20	0.124181007696725
"1594"	"2020-03-30"	"2020-04-08"	"WI"	20	0.094789195566171
"1595"	"2020-03-31"	"2020-04-09"	"WI"	20	0.0712644276206927
"1596"	"2020-04-01"	"2020-04-10"	"WI"	20	0.0750972504349695
"1597"	"2020-04-02"	"2020-04-11"	"WI"	20	0.0850248536504195
"1598"	"2020-04-03"	"2020-04-12"	"WI"	20	0.112046100046826
"1599"	"2020-03-17"	"2020-03-26"	"WV"	20	0.454338378461792
"1600"	"2020-03-18"	"2020-03-27"	"WV"	20	0.396537233426857
"1601"	"2020-03-19"	"2020-03-28"	"WV"	20	0.35387702669036
"1602"	"2020-03-20"	"2020-03-29"	"WV"	20	0.338655601518538
"1603"	"2020-03-21"	"2020-03-30"	"WV"	20	0.334925626066256
"1604"	"2020-03-22"	"2020-03-31"	"WV"	20	0.335308359631878
"1605"	"2020-03-23"	"2020-04-01"	"WV"	20	0.335255247887133
"1606"	"2020-03-24"	"2020-04-02"	"WV"	20	0.381188187092703
"1607"	"2020-03-25"	"2020-04-03"	"WV"	20	0.388269352315523
"1608"	"2020-03-26"	"2020-04-04"	"WV"	20	0.343708059862755
"1609"	"2020-03-27"	"2020-04-05"	"WV"	20	0.38847248252996
"1610"	"2020-03-28"	"2020-04-06"	"WV"	20	0.316679554300305
"1611"	"2020-03-29"	"2020-04-07"	"WV"	20	0.214116928170441
"1612"	"2020-03-30"	"2020-04-08"	"WV"	20	0.131025424713719
"1613"	"2020-03-31"	"2020-04-09"	"WV"	20	0.0518737522563612
"1614"	"2020-04-01"	"2020-04-10"	"WV"	20	0.00922351820999051
"1615"	"2020-04-02"	"2020-04-11"	"WV"	20	0
"1616"	"2020-04-03"	"2020-04-12"	"WV"	20	0
"1617"	"2020-03-12"	"2020-03-21"	"WY"	20	0.449796440552825
"1618"	"2020-03-13"	"2020-03-22"	"WY"	20	0.588174271381702
"1619"	"2020-03-14"	"2020-03-23"	"WY"	20	0.487618921472002
"1620"	"2020-03-15"	"2020-03-24"	"WY"	20	0.427697658296085
"1621"	"2020-03-16"	"2020-03-25"	"WY"	20	0.359437162821936
"1622"	"2020-03-17"	"2020-03-26"	"WY"	20	0.325880280384349
"1623"	"2020-03-18"	"2020-03-27"	"WY"	20	0.319290503650727
"1624"	"2020-03-19"	"2020-03-28"	"WY"	20	0.337490289303345
"1625"	"2020-03-20"	"2020-03-29"	"WY"	20	0.341456441556269
"1626"	"2020-03-21"	"2020-03-30"	"WY"	20	0.350854918820457
"1627"	"2020-03-22"	"2020-03-31"	"WY"	20	0.32473800494589
"1628"	"2020-03-23"	"2020-04-01"	"WY"	20	0.245456672990961
"1629"	"2020-03-24"	"2020-04-02"	"WY"	20	0.188247414791863
"1630"	"2020-03-25"	"2020-04-03"	"WY"	20	0.14573017122213
"1631"	"2020-03-26"	"2020-04-04"	"WY"	20	0.0792935919469773
"1632"	"2020-03-27"	"2020-04-05"	"WY"	20	0.0692764983146219
"1633"	"2020-03-28"	"2020-04-06"	"WY"	20	0.0409649737763571
"1634"	"2020-03-29"	"2020-04-07"	"WY"	20	0
"1635"	"2020-03-30"	"2020-04-08"	"WY"	20	0
"1636"	"2020-03-31"	"2020-04-09"	"WY"	20	0
"1637"	"2020-04-01"	"2020-04-10"	"WY"	20	0
"1638"	"2020-04-02"	"2020-04-11"	"WY"	20	0
"1639"	"2020-04-03"	"2020-04-12"	"WY"	20	0
