start.date,start.middate,state,window,b1
2020-03-12,2020-03-21,AK,20,0.764842571
2020-03-13,2020-03-22,AK,20,0.696030928
2020-03-14,2020-03-23,AK,20,0.525371464
2020-03-15,2020-03-24,AK,20,0.455686426
2020-03-16,2020-03-25,AK,20,0.410640006
2020-03-17,2020-03-26,AK,20,0.360499479
2020-03-18,2020-03-27,AK,20,0.245700309
2020-03-19,2020-03-28,AK,20,0.171103457
2020-03-20,2020-03-29,AK,20,0.123430931
2020-03-21,2020-03-30,AK,20,0.08428563
2020-03-22,2020-03-31,AK,20,0.061211236
2020-03-23,2020-04-01,AK,20,0.109380592
2020-03-24,2020-04-02,AK,20,0.114445169
2020-03-25,2020-04-03,AK,20,0.177515786
2020-03-26,2020-04-04,AK,20,0.186022016
2020-03-27,2020-04-05,AK,20,0.210894636
2020-03-28,2020-04-06,AK,20,0.226760297
2020-03-29,2020-04-07,AK,20,0.204387676
2020-03-30,2020-04-08,AK,20,0.141234461
2020-03-31,2020-04-09,AK,20,0.127009606
2020-04-01,2020-04-10,AK,20,0.086062016
2020-04-02,2020-04-11,AK,20,0.028452363
2020-04-03,2020-04-12,AK,20,0
2020-03-13,2020-03-22,AL,20,0.81423671
2020-03-14,2020-03-23,AL,20,0.755195979
2020-03-15,2020-03-24,AL,20,0.646768967
2020-03-16,2020-03-25,AL,20,0.51742694
2020-03-17,2020-03-26,AL,20,0.406867215
2020-03-18,2020-03-27,AL,20,0.327108263
2020-03-19,2020-03-28,AL,20,0.297987324
2020-03-20,2020-03-29,AL,20,0.30064545
2020-03-21,2020-03-30,AL,20,0.311154132
2020-03-22,2020-03-31,AL,20,0.318194769
2020-03-23,2020-04-01,AL,20,0.300693081
2020-03-24,2020-04-02,AL,20,0.283817185
2020-03-25,2020-04-03,AL,20,0.319333333
2020-03-26,2020-04-04,AL,20,0.355128386
2020-03-27,2020-04-05,AL,20,0.362457155
2020-03-28,2020-04-06,AL,20,0.338830128
2020-03-29,2020-04-07,AL,20,0.311084698
2020-03-30,2020-04-08,AL,20,0.272007145
2020-03-31,2020-04-09,AL,20,0.206038972
2020-04-01,2020-04-10,AL,20,0.155475804
2020-04-02,2020-04-11,AL,20,0.117149887
2020-04-03,2020-04-12,AL,20,0.101836154
2020-01-27,2020-02-05,AR,20,9.708573161
2020-01-28,2020-02-06,AR,20,0.427737298
2020-01-29,2020-02-07,AR,20,0.298137433
2020-01-30,2020-02-08,AR,20,0
2020-01-31,2020-02-09,AR,20,0
2020-02-01,2020-02-10,AR,20,0
2020-02-02,2020-02-11,AR,20,0
2020-02-03,2020-02-12,AR,20,0
2020-02-04,2020-02-13,AR,20,0
2020-02-05,2020-02-14,AR,20,0
2020-02-06,2020-02-15,AR,20,0
2020-02-07,2020-02-16,AR,20,0
2020-02-08,2020-02-17,AR,20,0
2020-02-09,2020-02-18,AR,20,0
2020-02-10,2020-02-19,AR,20,0
2020-02-11,2020-02-20,AR,20,0
2020-02-12,2020-02-21,AR,20,0
2020-02-13,2020-02-22,AR,20,0
2020-02-14,2020-02-23,AR,20,0
2020-02-15,2020-02-24,AR,20,0
2020-02-16,2020-02-25,AR,20,0
2020-02-17,2020-02-26,AR,20,0
2020-02-18,2020-02-27,AR,20,0
2020-02-19,2020-02-28,AR,20,0
2020-02-20,2020-02-29,AR,20,0
2020-02-21,2020-03-01,AR,20,0
2020-02-22,2020-03-02,AR,20,0
2020-02-23,2020-03-03,AR,20,0
2020-02-24,2020-03-04,AR,20,0.124752066
2020-02-25,2020-03-05,AR,20,0.63688337
2020-02-26,2020-03-06,AR,20,1.17644064
2020-02-27,2020-03-07,AR,20,1.33664546
2020-02-28,2020-03-08,AR,20,1.513170663
2020-02-29,2020-03-09,AR,20,1.571545024
2020-03-01,2020-03-10,AR,20,1.600443759
2020-03-02,2020-03-11,AR,20,1.390605146
2020-03-03,2020-03-12,AR,20,1.296072598
2020-03-04,2020-03-13,AR,20,1.305366489
2020-03-05,2020-03-14,AR,20,1.33015263
2020-03-06,2020-03-15,AR,20,1.285378816
2020-03-07,2020-03-16,AR,20,1.167508376
2020-03-08,2020-03-17,AR,20,1.015891682
2020-03-09,2020-03-18,AR,20,0.859549984
2020-03-10,2020-03-19,AR,20,0.718549211
2020-03-11,2020-03-20,AR,20,0.60403931
2020-03-12,2020-03-21,AR,20,0.513609827
2020-03-13,2020-03-22,AR,20,0.420599555
2020-03-14,2020-03-23,AR,20,0.331728463
2020-03-15,2020-03-24,AR,20,0.24837729
2020-03-16,2020-03-25,AR,20,0.183720984
2020-03-17,2020-03-26,AR,20,0.138839359
2020-03-18,2020-03-27,AR,20,0.115671886
2020-03-19,2020-03-28,AR,20,0.118305876
2020-03-20,2020-03-29,AR,20,0.126607403
2020-03-21,2020-03-30,AR,20,0.097063103
2020-03-22,2020-03-31,AR,20,0.100117022
2020-03-23,2020-04-01,AR,20,0.090371661
2020-03-24,2020-04-02,AR,20,0.096873383
2020-03-25,2020-04-03,AR,20,0.150691423
2020-03-26,2020-04-04,AR,20,0.139549461
2020-03-27,2020-04-05,AR,20,0.120487756
2020-03-28,2020-04-06,AR,20,0.069641551
2020-03-29,2020-04-07,AR,20,0.032903787
2020-03-30,2020-04-08,AR,20,0.027034497
2020-03-31,2020-04-09,AR,20,0.04178976
2020-04-01,2020-04-10,AR,20,0.067318217
2020-04-02,2020-04-11,AR,20,0.071511899
2020-04-03,2020-04-12,AR,20,0.04822858
2020-01-26,2020-02-04,AZ,20,0
2020-01-27,2020-02-05,AZ,20,0
2020-01-28,2020-02-06,AZ,20,0
2020-01-29,2020-02-07,AZ,20,0
2020-01-30,2020-02-08,AZ,20,0
2020-01-31,2020-02-09,AZ,20,0
2020-02-01,2020-02-10,AZ,20,0
2020-02-02,2020-02-11,AZ,20,0
2020-02-03,2020-02-12,AZ,20,0
2020-02-04,2020-02-13,AZ,20,0
2020-02-05,2020-02-14,AZ,20,0
2020-02-06,2020-02-15,AZ,20,0
2020-02-07,2020-02-16,AZ,20,0
2020-02-08,2020-02-17,AZ,20,0
2020-02-09,2020-02-18,AZ,20,0
2020-02-10,2020-02-19,AZ,20,0
2020-02-11,2020-02-20,AZ,20,0
2020-02-12,2020-02-21,AZ,20,0
2020-02-13,2020-02-22,AZ,20,0
2020-02-14,2020-02-23,AZ,20,0
2020-02-15,2020-02-24,AZ,20,0
2020-02-16,2020-02-25,AZ,20,0
2020-02-17,2020-02-26,AZ,20,0
2020-02-18,2020-02-27,AZ,20,0.393421254
2020-02-19,2020-02-28,AZ,20,1.106331592
2020-02-20,2020-02-29,AZ,20,1.593231443
2020-02-21,2020-03-01,AZ,20,1.760116571
2020-02-22,2020-03-02,AZ,20,1.85248891
2020-02-23,2020-03-03,AZ,20,1.831779197
2020-02-24,2020-03-04,AZ,20,1.576206476
2020-02-25,2020-03-05,AZ,20,1.241605622
2020-02-26,2020-03-06,AZ,20,0.96836542
2020-02-27,2020-03-07,AZ,20,0.741770273
2020-02-28,2020-03-08,AZ,20,0.551751403
2020-02-29,2020-03-09,AZ,20,0.404724642
2020-03-01,2020-03-10,AZ,20,0.32230583
2020-03-02,2020-03-11,AZ,20,0.352973087
2020-03-03,2020-03-12,AZ,20,0.548004684
2020-03-04,2020-03-13,AZ,20,0.89994616
2020-03-05,2020-03-14,AZ,20,1.292585306
2020-03-06,2020-03-15,AZ,20,1.625688142
2020-03-07,2020-03-16,AZ,20,1.766510536
2020-03-08,2020-03-17,AZ,20,1.663372133
2020-03-09,2020-03-18,AZ,20,1.528634014
2020-03-10,2020-03-19,AZ,20,1.328060683
2020-03-11,2020-03-20,AZ,20,1.16714469
2020-03-12,2020-03-21,AZ,20,0.990129107
2020-03-13,2020-03-22,AZ,20,0.842016149
2020-03-14,2020-03-23,AZ,20,0.723366577
2020-03-15,2020-03-24,AZ,20,0.618094415
2020-03-16,2020-03-25,AZ,20,0.534408818
2020-03-17,2020-03-26,AZ,20,0.446725227
2020-03-18,2020-03-27,AZ,20,0.365201581
2020-03-19,2020-03-28,AZ,20,0.293873194
2020-03-20,2020-03-29,AZ,20,0.231824341
2020-03-21,2020-03-30,AZ,20,0.194246113
2020-03-22,2020-03-31,AZ,20,0.170660515
2020-03-23,2020-04-01,AZ,20,0.159070165
2020-03-24,2020-04-02,AZ,20,0.137242959
2020-03-25,2020-04-03,AZ,20,0.09510562
2020-03-26,2020-04-04,AZ,20,0.056916277
2020-03-27,2020-04-05,AZ,20,0.035165622
2020-03-28,2020-04-06,AZ,20,0.010596299
2020-03-29,2020-04-07,AZ,20,0.001313493
2020-03-30,2020-04-08,AZ,20,0.011106921
2020-03-31,2020-04-09,AZ,20,0
2020-04-01,2020-04-10,AZ,20,0
2020-04-02,2020-04-11,AZ,20,0
2020-04-03,2020-04-12,AZ,20,0
2020-01-26,2020-02-04,CA,20,0
2020-01-27,2020-02-05,CA,20,0
2020-01-28,2020-02-06,CA,20,0
2020-01-29,2020-02-07,CA,20,0.02657515
2020-01-30,2020-02-08,CA,20,0.197542777
2020-01-31,2020-02-09,CA,20,0.244476685
2020-02-01,2020-02-10,CA,20,0.189259507
2020-02-02,2020-02-11,CA,20,0.083136939
2020-02-03,2020-02-12,CA,20,0.242113794
2020-02-04,2020-02-13,CA,20,0.258828979
2020-02-05,2020-02-14,CA,20,0.25784267
2020-02-06,2020-02-15,CA,20,0.331679014
2020-02-07,2020-02-16,CA,20,0.385872429
2020-02-08,2020-02-17,CA,20,0.428205224
2020-02-09,2020-02-18,CA,20,0.434591421
2020-02-10,2020-02-19,CA,20,0.425485635
2020-02-11,2020-02-20,CA,20,0.413437947
2020-02-12,2020-02-21,CA,20,0.38420606
2020-02-13,2020-02-22,CA,20,0.373944642
2020-02-14,2020-02-23,CA,20,0.405348428
2020-02-15,2020-02-24,CA,20,0.440586737
2020-02-16,2020-02-25,CA,20,0.476874134
2020-02-17,2020-02-26,CA,20,0.52354103
2020-02-18,2020-02-27,CA,20,0.533692266
2020-02-19,2020-02-28,CA,20,0.604271333
2020-02-20,2020-02-29,CA,20,0.681473569
2020-02-21,2020-03-01,CA,20,0.717661339
2020-02-22,2020-03-02,CA,20,0.791005689
2020-02-23,2020-03-03,CA,20,0.829179217
2020-02-24,2020-03-04,CA,20,0.866967281
2020-02-25,2020-03-05,CA,20,0.880002962
2020-02-26,2020-03-06,CA,20,0.882299084
2020-02-27,2020-03-07,CA,20,0.798724051
2020-02-28,2020-03-08,CA,20,0.707806614
2020-02-29,2020-03-09,CA,20,0.645509769
2020-03-01,2020-03-10,CA,20,0.599050613
2020-03-02,2020-03-11,CA,20,0.602496374
2020-03-03,2020-03-12,CA,20,0.604373496
2020-03-04,2020-03-13,CA,20,0.614836749
2020-03-05,2020-03-14,CA,20,0.603585152
2020-03-06,2020-03-15,CA,20,0.578619427
2020-03-07,2020-03-16,CA,20,0.566132286
2020-03-08,2020-03-17,CA,20,0.525951094
2020-03-09,2020-03-18,CA,20,0.534811493
2020-03-10,2020-03-19,CA,20,0.528955298
2020-03-11,2020-03-20,CA,20,0.573030478
2020-03-12,2020-03-21,CA,20,0.570769668
2020-03-13,2020-03-22,CA,20,0.565132005
2020-03-14,2020-03-23,CA,20,0.548388285
2020-03-15,2020-03-24,CA,20,0.510562065
2020-03-16,2020-03-25,CA,20,0.460529815
2020-03-17,2020-03-26,CA,20,0.42324439
2020-03-18,2020-03-27,CA,20,0.392379541
2020-03-19,2020-03-28,CA,20,0.369646406
2020-03-20,2020-03-29,CA,20,0.349015253
2020-03-21,2020-03-30,CA,20,0.308418057
2020-03-22,2020-03-31,CA,20,0.264609425
2020-03-23,2020-04-01,CA,20,0.224972722
2020-03-24,2020-04-02,CA,20,0.17560957
2020-03-25,2020-04-03,CA,20,0.13435019
2020-03-26,2020-04-04,CA,20,0.110870543
2020-03-27,2020-04-05,CA,20,0.08698249
2020-03-28,2020-04-06,CA,20,0.059343916
2020-03-29,2020-04-07,CA,20,0.02143736
2020-03-30,2020-04-08,CA,20,0
2020-03-31,2020-04-09,CA,20,0
2020-04-01,2020-04-10,CA,20,0
2020-04-02,2020-04-11,CA,20,0
2020-04-03,2020-04-12,CA,20,0.015674201
2020-03-06,2020-03-15,CO,20,0.648910271
2020-03-07,2020-03-16,CO,20,0.482179281
2020-03-08,2020-03-17,CO,20,0.361642173
2020-03-09,2020-03-18,CO,20,0.305725622
2020-03-10,2020-03-19,CO,20,0.320500972
2020-03-11,2020-03-20,CO,20,0.346085944
2020-03-12,2020-03-21,CO,20,0.371914343
2020-03-13,2020-03-22,CO,20,0.398441566
2020-03-14,2020-03-23,CO,20,0.435260102
2020-03-15,2020-03-24,CO,20,0.46439524
2020-03-16,2020-03-25,CO,20,0.485325145
2020-03-17,2020-03-26,CO,20,0.464422146
2020-03-18,2020-03-27,CO,20,0.379289839
2020-03-19,2020-03-28,CO,20,0.345509654
2020-03-20,2020-03-29,CO,20,0.313200445
2020-03-21,2020-03-30,CO,20,0.285453353
2020-03-22,2020-03-31,CO,20,0.246742631
2020-03-23,2020-04-01,CO,20,0.19682561
2020-03-24,2020-04-02,CO,20,0.147491742
2020-03-25,2020-04-03,CO,20,0.090725556
2020-03-26,2020-04-04,CO,20,0.065148987
2020-03-27,2020-04-05,CO,20,0.044016208
2020-03-28,2020-04-06,CO,20,0.03865934
2020-03-29,2020-04-07,CO,20,0.024723398
2020-03-30,2020-04-08,CO,20,0.018952937
2020-03-31,2020-04-09,CO,20,0.015634695
2020-04-01,2020-04-10,CO,20,0.031827116
2020-04-02,2020-04-11,CO,20,0.084762027
2020-04-03,2020-04-12,CO,20,0.186259851
2020-03-09,2020-03-18,CT,20,1.019652589
2020-03-10,2020-03-19,CT,20,0.645360982
2020-03-11,2020-03-20,CT,20,0.493333149
2020-03-12,2020-03-21,CT,20,0.454427504
2020-03-13,2020-03-22,CT,20,0.468259748
2020-03-14,2020-03-23,CT,20,0.484227476
2020-03-15,2020-03-24,CT,20,0.511564475
2020-03-16,2020-03-25,CT,20,0.536685368
2020-03-17,2020-03-26,CT,20,0.556567256
2020-03-18,2020-03-27,CT,20,0.56842617
2020-03-19,2020-03-28,CT,20,0.564988222
2020-03-20,2020-03-29,CT,20,0.505212448
2020-03-21,2020-03-30,CT,20,0.429929608
2020-03-22,2020-03-31,CT,20,0.389639355
2020-03-23,2020-04-01,CT,20,0.360887056
2020-03-24,2020-04-02,CT,20,0.363590855
2020-03-25,2020-04-03,CT,20,0.372715488
2020-03-26,2020-04-04,CT,20,0.347941245
2020-03-27,2020-04-05,CT,20,0.322170858
2020-03-28,2020-04-06,CT,20,0.271923351
2020-03-29,2020-04-07,CT,20,0.235234854
2020-03-30,2020-04-08,CT,20,0.204771844
2020-03-31,2020-04-09,CT,20,0.175482923
2020-04-01,2020-04-10,CT,20,0.142083928
2020-04-02,2020-04-11,CT,20,0.103294651
2020-04-03,2020-04-12,CT,20,0.122848356
2020-03-08,2020-03-17,DC,20,0.770471133
2020-03-09,2020-03-18,DC,20,0.741477192
2020-03-10,2020-03-19,DC,20,0.584515272
2020-03-11,2020-03-20,DC,20,0.511791928
2020-03-12,2020-03-21,DC,20,0.493413414
2020-03-13,2020-03-22,DC,20,0.491586683
2020-03-14,2020-03-23,DC,20,0.484409958
2020-03-15,2020-03-24,DC,20,0.486169647
2020-03-16,2020-03-25,DC,20,0.481458868
2020-03-17,2020-03-26,DC,20,0.461243973
2020-03-18,2020-03-27,DC,20,0.424251803
2020-03-19,2020-03-28,DC,20,0.426143281
2020-03-20,2020-03-29,DC,20,0.3743856
2020-03-21,2020-03-30,DC,20,0.371378171
2020-03-22,2020-03-31,DC,20,0.380206587
2020-03-23,2020-04-01,DC,20,0.391543283
2020-03-24,2020-04-02,DC,20,0.417949039
2020-03-25,2020-04-03,DC,20,0.417720834
2020-03-26,2020-04-04,DC,20,0.397099072
2020-03-27,2020-04-05,DC,20,0.355491445
2020-03-28,2020-04-06,DC,20,0.298585724
2020-03-29,2020-04-07,DC,20,0.24257565
2020-03-30,2020-04-08,DC,20,0.201410566
2020-03-31,2020-04-09,DC,20,0.163841014
2020-04-01,2020-04-10,DC,20,0.097518864
2020-04-02,2020-04-11,DC,20,0.096408484
2020-04-03,2020-04-12,DC,20,0.133187233
2020-03-12,2020-03-21,DE,20,0.585095836
2020-03-13,2020-03-22,DE,20,0.553910997
2020-03-14,2020-03-23,DE,20,0.547476433
2020-03-15,2020-03-24,DE,20,0.533188636
2020-03-16,2020-03-25,DE,20,0.506249231
2020-03-17,2020-03-26,DE,20,0.501590645
2020-03-18,2020-03-27,DE,20,0.478882618
2020-03-19,2020-03-28,DE,20,0.441623194
2020-03-20,2020-03-29,DE,20,0.44426122
2020-03-21,2020-03-30,DE,20,0.462771902
2020-03-22,2020-03-31,DE,20,0.511206094
2020-03-23,2020-04-01,DE,20,0.592527709
2020-03-24,2020-04-02,DE,20,0.600151227
2020-03-25,2020-04-03,DE,20,0.568226932
2020-03-26,2020-04-04,DE,20,0.490015953
2020-03-27,2020-04-05,DE,20,0.454536996
2020-03-28,2020-04-06,DE,20,0.405629836
2020-03-29,2020-04-07,DE,20,0.326623241
2020-03-30,2020-04-08,DE,20,0.266968669
2020-03-31,2020-04-09,DE,20,0.22665005
2020-04-01,2020-04-10,DE,20,0.181554647
2020-04-02,2020-04-11,DE,20,0.125600765
2020-04-03,2020-04-12,DE,20,0.091816416
2020-03-02,2020-03-11,FL,20,1.019654003
2020-03-03,2020-03-12,FL,20,0.489036571
2020-03-04,2020-03-13,FL,20,0.257264931
2020-03-05,2020-03-14,FL,20,0.144101635
2020-03-06,2020-03-15,FL,20,0.277899653
2020-03-07,2020-03-16,FL,20,0.311188561
2020-03-08,2020-03-17,FL,20,0.35276432
2020-03-09,2020-03-18,FL,20,0.388119088
2020-03-10,2020-03-19,FL,20,0.419536359
2020-03-11,2020-03-20,FL,20,0.464653096
2020-03-12,2020-03-21,FL,20,0.520050092
2020-03-13,2020-03-22,FL,20,0.567365227
2020-03-14,2020-03-23,FL,20,0.613641643
2020-03-15,2020-03-24,FL,20,0.631438352
2020-03-16,2020-03-25,FL,20,0.649150499
2020-03-17,2020-03-26,FL,20,0.612275619
2020-03-18,2020-03-27,FL,20,0.541926381
2020-03-19,2020-03-28,FL,20,0.478168656
2020-03-20,2020-03-29,FL,20,0.437906789
2020-03-21,2020-03-30,FL,20,0.380117675
2020-03-22,2020-03-31,FL,20,0.331032604
2020-03-23,2020-04-01,FL,20,0.270450783
2020-03-24,2020-04-02,FL,20,0.204196849
2020-03-25,2020-04-03,FL,20,0.164157454
2020-03-26,2020-04-04,FL,20,0.120787486
2020-03-27,2020-04-05,FL,20,0.097968946
2020-03-28,2020-04-06,FL,20,0.080951835
2020-03-29,2020-04-07,FL,20,0.066475057
2020-03-30,2020-04-08,FL,20,0.041606374
2020-03-31,2020-04-09,FL,20,0.025956321
2020-04-01,2020-04-10,FL,20,0
2020-04-02,2020-04-11,FL,20,0.001073085
2020-04-03,2020-04-12,FL,20,0.002740819
2020-03-03,2020-03-12,GA,20,0.86669156
2020-03-04,2020-03-13,GA,20,0.517052589
2020-03-05,2020-03-14,GA,20,0.325926709
2020-03-06,2020-03-15,GA,20,0.257322516
2020-03-07,2020-03-16,GA,20,0.368482464
2020-03-08,2020-03-17,GA,20,0.390026031
2020-03-09,2020-03-18,GA,20,0.405814715
2020-03-10,2020-03-19,GA,20,0.433761745
2020-03-11,2020-03-20,GA,20,0.476242903
2020-03-12,2020-03-21,GA,20,0.5166914
2020-03-13,2020-03-22,GA,20,0.560552699
2020-03-14,2020-03-23,GA,20,0.589985453
2020-03-15,2020-03-24,GA,20,0.594586531
2020-03-16,2020-03-25,GA,20,0.544499545
2020-03-17,2020-03-26,GA,20,0.510123151
2020-03-18,2020-03-27,GA,20,0.502718088
2020-03-19,2020-03-28,GA,20,0.489934489
2020-03-20,2020-03-29,GA,20,0.467779952
2020-03-21,2020-03-30,GA,20,0.383230315
2020-03-22,2020-03-31,GA,20,0.295497743
2020-03-23,2020-04-01,GA,20,0.247540755
2020-03-24,2020-04-02,GA,20,0.252257036
2020-03-25,2020-04-03,GA,20,0.281407959
2020-03-26,2020-04-04,GA,20,0.29671913
2020-03-27,2020-04-05,GA,20,0.307085649
2020-03-28,2020-04-06,GA,20,0.239682272
2020-03-29,2020-04-07,GA,20,0.155260044
2020-03-30,2020-04-08,GA,20,0.082397691
2020-03-31,2020-04-09,GA,20,0.078267597
2020-04-01,2020-04-10,GA,20,0.067974437
2020-04-02,2020-04-11,GA,20,0.082605679
2020-04-03,2020-04-12,GA,20,0.085738895
2020-03-07,2020-03-16,HI,20,1.093869012
2020-03-08,2020-03-17,HI,20,0.591161073
2020-03-09,2020-03-18,HI,20,0.40270907
2020-03-10,2020-03-19,HI,20,0.359505606
2020-03-11,2020-03-20,HI,20,0.355439742
2020-03-12,2020-03-21,HI,20,0.361654549
2020-03-13,2020-03-22,HI,20,0.377193096
2020-03-14,2020-03-23,HI,20,0.389885995
2020-03-15,2020-03-24,HI,20,0.395604851
2020-03-16,2020-03-25,HI,20,0.404846572
2020-03-17,2020-03-26,HI,20,0.413814997
2020-03-18,2020-03-27,HI,20,0.419901614
2020-03-19,2020-03-28,HI,20,0.408567123
2020-03-20,2020-03-29,HI,20,0.38866723
2020-03-21,2020-03-30,HI,20,0.348616749
2020-03-22,2020-03-31,HI,20,0.290147478
2020-03-23,2020-04-01,HI,20,0.234883
2020-03-24,2020-04-02,HI,20,0.190891037
2020-03-25,2020-04-03,HI,20,0.138417879
2020-03-26,2020-04-04,HI,20,0.06401779
2020-03-27,2020-04-05,HI,20,0.015894163
2020-03-28,2020-04-06,HI,20,0.015937517
2020-03-29,2020-04-07,HI,20,0
2020-03-30,2020-04-08,HI,20,0
2020-03-31,2020-04-09,HI,20,0
2020-04-01,2020-04-10,HI,20,0
2020-04-02,2020-04-11,HI,20,0
2020-04-03,2020-04-12,HI,20,0
2020-03-09,2020-03-18,IA,20,0.766104646
2020-03-10,2020-03-19,IA,20,0.607079973
2020-03-11,2020-03-20,IA,20,0.486402766
2020-03-12,2020-03-21,IA,20,0.427361828
2020-03-13,2020-03-22,IA,20,0.422988333
2020-03-14,2020-03-23,IA,20,0.441998319
2020-03-15,2020-03-24,IA,20,0.45920511
2020-03-16,2020-03-25,IA,20,0.492982041
2020-03-17,2020-03-26,IA,20,0.506914704
2020-03-18,2020-03-27,IA,20,0.510868305
2020-03-19,2020-03-28,IA,20,0.493960171
2020-03-20,2020-03-29,IA,20,0.403740917
2020-03-21,2020-03-30,IA,20,0.370018428
2020-03-22,2020-03-31,IA,20,0.338202838
2020-03-23,2020-04-01,IA,20,0.300995599
2020-03-24,2020-04-02,IA,20,0.27036509
2020-03-25,2020-04-03,IA,20,0.249241055
2020-03-26,2020-04-04,IA,20,0.241274246
2020-03-27,2020-04-05,IA,20,0.251138379
2020-03-28,2020-04-06,IA,20,0.259172833
2020-03-29,2020-04-07,IA,20,0.235070072
2020-03-30,2020-04-08,IA,20,0.243603899
2020-03-31,2020-04-09,IA,20,0.237784937
2020-04-01,2020-04-10,IA,20,0.222571422
2020-04-02,2020-04-11,IA,20,0.225573218
2020-04-03,2020-04-12,IA,20,0.250566146
2020-03-14,2020-03-23,ID,20,0.933476498
2020-03-15,2020-03-24,ID,20,0.538150255
2020-03-16,2020-03-25,ID,20,0.387256542
2020-03-17,2020-03-26,ID,20,0.341022011
2020-03-18,2020-03-27,ID,20,0.319917739
2020-03-19,2020-03-28,ID,20,0.344517917
2020-03-20,2020-03-29,ID,20,0.38925699
2020-03-21,2020-03-30,ID,20,0.411330825
2020-03-22,2020-03-31,ID,20,0.420019721
2020-03-23,2020-04-01,ID,20,0.26402845
2020-03-24,2020-04-02,ID,20,0.125525353
2020-03-25,2020-04-03,ID,20,0.022998723
2020-03-26,2020-04-04,ID,20,0
2020-03-27,2020-04-05,ID,20,0
2020-03-28,2020-04-06,ID,20,0
2020-03-29,2020-04-07,ID,20,0
2020-03-30,2020-04-08,ID,20,0
2020-03-31,2020-04-09,ID,20,0
2020-04-01,2020-04-10,ID,20,0
2020-04-02,2020-04-11,ID,20,0
2020-04-03,2020-04-12,ID,20,0.097866601
2020-01-24,2020-02-02,IL,20,0
2020-01-25,2020-02-03,IL,20,0
2020-01-26,2020-02-04,IL,20,0
2020-01-27,2020-02-05,IL,20,0
2020-01-28,2020-02-06,IL,20,0
2020-01-29,2020-02-07,IL,20,0
2020-01-30,2020-02-08,IL,20,0
2020-01-31,2020-02-09,IL,20,0
2020-02-01,2020-02-10,IL,20,0
2020-02-02,2020-02-11,IL,20,0
2020-02-03,2020-02-12,IL,20,0
2020-02-04,2020-02-13,IL,20,0
2020-02-05,2020-02-14,IL,20,0
2020-02-06,2020-02-15,IL,20,0
2020-02-07,2020-02-16,IL,20,0
2020-02-08,2020-02-17,IL,20,0
2020-02-09,2020-02-18,IL,20,0
2020-02-10,2020-02-19,IL,20,0
2020-02-11,2020-02-20,IL,20,0
2020-02-12,2020-02-21,IL,20,0
2020-02-13,2020-02-22,IL,20,0
2020-02-14,2020-02-23,IL,20,0.121634387
2020-02-15,2020-02-24,IL,20,0.522786631
2020-02-16,2020-02-25,IL,20,0.927481025
2020-02-17,2020-02-26,IL,20,1.183822825
2020-02-18,2020-02-27,IL,20,1.131324787
2020-02-19,2020-02-28,IL,20,1.132184075
2020-02-20,2020-02-29,IL,20,0.930421845
2020-02-21,2020-03-01,IL,20,0.764218876
2020-02-22,2020-03-02,IL,20,0.814517892
2020-02-23,2020-03-03,IL,20,1.107181185
2020-02-24,2020-03-04,IL,20,1.135423286
2020-02-25,2020-03-05,IL,20,1.162144949
2020-02-26,2020-03-06,IL,20,1.202855592
2020-02-27,2020-03-07,IL,20,1.231976576
2020-02-28,2020-03-08,IL,20,1.250144717
2020-02-29,2020-03-09,IL,20,1.26272034
2020-03-01,2020-03-10,IL,20,1.266191006
2020-03-02,2020-03-11,IL,20,1.263454678
2020-03-03,2020-03-12,IL,20,1.522715665
2020-03-04,2020-03-13,IL,20,1.563478919
2020-03-05,2020-03-14,IL,20,1.510219624
2020-03-06,2020-03-15,IL,20,1.377416842
2020-03-07,2020-03-16,IL,20,1.225395298
2020-03-08,2020-03-17,IL,20,1.068659987
2020-03-09,2020-03-18,IL,20,0.939006252
2020-03-10,2020-03-19,IL,20,0.830265524
2020-03-11,2020-03-20,IL,20,0.748742981
2020-03-12,2020-03-21,IL,20,0.695807396
2020-03-13,2020-03-22,IL,20,0.658881694
2020-03-14,2020-03-23,IL,20,0.621069578
2020-03-15,2020-03-24,IL,20,0.579396062
2020-03-16,2020-03-25,IL,20,0.519981623
2020-03-17,2020-03-26,IL,20,0.466279181
2020-03-18,2020-03-27,IL,20,0.423485706
2020-03-19,2020-03-28,IL,20,0.378516942
2020-03-20,2020-03-29,IL,20,0.340887007
2020-03-21,2020-03-30,IL,20,0.306429493
2020-03-22,2020-03-31,IL,20,0.284399701
2020-03-23,2020-04-01,IL,20,0.249320461
2020-03-24,2020-04-02,IL,20,0.211326536
2020-03-25,2020-04-03,IL,20,0.179031393
2020-03-26,2020-04-04,IL,20,0.172515237
2020-03-27,2020-04-05,IL,20,0.154672716
2020-03-28,2020-04-06,IL,20,0.133452898
2020-03-29,2020-04-07,IL,20,0.138397501
2020-03-30,2020-04-08,IL,20,0.101659706
2020-03-31,2020-04-09,IL,20,0.080700849
2020-04-01,2020-04-10,IL,20,0.057809655
2020-04-02,2020-04-11,IL,20,0.026128089
2020-04-03,2020-04-12,IL,20,0.018828978
2020-03-06,2020-03-15,IN,20,1.352979043
2020-03-07,2020-03-16,IN,20,0.524769264
2020-03-08,2020-03-17,IN,20,0.244923388
2020-03-09,2020-03-18,IN,20,0.149771635
2020-03-10,2020-03-19,IN,20,0.323916277
2020-03-11,2020-03-20,IN,20,0.329321895
2020-03-12,2020-03-21,IN,20,0.366551039
2020-03-13,2020-03-22,IN,20,0.476114747
2020-03-14,2020-03-23,IN,20,0.545575919
2020-03-15,2020-03-24,IN,20,0.609717387
2020-03-16,2020-03-25,IN,20,0.631847904
2020-03-17,2020-03-26,IN,20,0.635012705
2020-03-18,2020-03-27,IN,20,0.563206217
2020-03-19,2020-03-28,IN,20,0.516041935
2020-03-20,2020-03-29,IN,20,0.488041748
2020-03-21,2020-03-30,IN,20,0.422687895
2020-03-22,2020-03-31,IN,20,0.379748024
2020-03-23,2020-04-01,IN,20,0.326315734
2020-03-24,2020-04-02,IN,20,0.281115502
2020-03-25,2020-04-03,IN,20,0.235464403
2020-03-26,2020-04-04,IN,20,0.248966716
2020-03-27,2020-04-05,IN,20,0.17400126
2020-03-28,2020-04-06,IN,20,0.143295502
2020-03-29,2020-04-07,IN,20,0.11315097
2020-03-30,2020-04-08,IN,20,0.078948308
2020-03-31,2020-04-09,IN,20,0.052959147
2020-04-01,2020-04-10,IN,20,0.029131132
2020-04-02,2020-04-11,IN,20,0.020987139
2020-04-03,2020-04-12,IN,20,0.022316905
2020-03-08,2020-03-17,KS,20,0.813052339
2020-03-09,2020-03-18,KS,20,0.552476697
2020-03-10,2020-03-19,KS,20,0.433678919
2020-03-11,2020-03-20,KS,20,0.382389216
2020-03-12,2020-03-21,KS,20,0.367272247
2020-03-13,2020-03-22,KS,20,0.405713775
2020-03-14,2020-03-23,KS,20,0.427427191
2020-03-15,2020-03-24,KS,20,0.46639488
2020-03-16,2020-03-25,KS,20,0.496024867
2020-03-17,2020-03-26,KS,20,0.519269527
2020-03-18,2020-03-27,KS,20,0.523412973
2020-03-19,2020-03-28,KS,20,0.464004254
2020-03-20,2020-03-29,KS,20,0.405396824
2020-03-21,2020-03-30,KS,20,0.354628845
2020-03-22,2020-03-31,KS,20,0.307896859
2020-03-23,2020-04-01,KS,20,0.275499741
2020-03-24,2020-04-02,KS,20,0.241910811
2020-03-25,2020-04-03,KS,20,0.234884943
2020-03-26,2020-04-04,KS,20,0.236292586
2020-03-27,2020-04-05,KS,20,0.214696046
2020-03-28,2020-04-06,KS,20,0.200459569
2020-03-29,2020-04-07,KS,20,0.169968431
2020-03-30,2020-04-08,KS,20,0.124309662
2020-03-31,2020-04-09,KS,20,0.085750152
2020-04-01,2020-04-10,KS,20,0.050524363
2020-04-02,2020-04-11,KS,20,0.041545996
2020-04-03,2020-04-12,KS,20,0.057034418
2020-03-09,2020-03-18,KY,20,0.835565517
2020-03-10,2020-03-19,KY,20,0.656526346
2020-03-11,2020-03-20,KY,20,0.527034452
2020-03-12,2020-03-21,KY,20,0.478278152
2020-03-13,2020-03-22,KY,20,0.468512484
2020-03-14,2020-03-23,KY,20,0.493594294
2020-03-15,2020-03-24,KY,20,0.495428157
2020-03-16,2020-03-25,KY,20,0.5008041
2020-03-17,2020-03-26,KY,20,0.4833434
2020-03-18,2020-03-27,KY,20,0.453279252
2020-03-19,2020-03-28,KY,20,0.44410421
2020-03-20,2020-03-29,KY,20,0.412269857
2020-03-21,2020-03-30,KY,20,0.354599744
2020-03-22,2020-03-31,KY,20,0.31286636
2020-03-23,2020-04-01,KY,20,0.318233888
2020-03-24,2020-04-02,KY,20,0.303833186
2020-03-25,2020-04-03,KY,20,0.311226109
2020-03-26,2020-04-04,KY,20,0.339785372
2020-03-27,2020-04-05,KY,20,0.365483528
2020-03-28,2020-04-06,KY,20,0.371012376
2020-03-29,2020-04-07,KY,20,0.320186487
2020-03-30,2020-04-08,KY,20,0.253962194
2020-03-31,2020-04-09,KY,20,0.207141812
2020-04-01,2020-04-10,KY,20,0.153966269
2020-04-02,2020-04-11,KY,20,0.108495163
2020-04-03,2020-04-12,KY,20,0.07116366
2020-03-09,2020-03-18,LA,20,0.837239857
2020-03-10,2020-03-19,LA,20,0.627254267
2020-03-11,2020-03-20,LA,20,0.499020821
2020-03-12,2020-03-21,LA,20,0.442137475
2020-03-13,2020-03-22,LA,20,0.432311307
2020-03-14,2020-03-23,LA,20,0.429884685
2020-03-15,2020-03-24,LA,20,0.44239084
2020-03-16,2020-03-25,LA,20,0.452723781
2020-03-17,2020-03-26,LA,20,0.466237119
2020-03-18,2020-03-27,LA,20,0.486168742
2020-03-19,2020-03-28,LA,20,0.512208207
2020-03-20,2020-03-29,LA,20,0.535837175
2020-03-21,2020-03-30,LA,20,0.549177283
2020-03-22,2020-03-31,LA,20,0.556625761
2020-03-23,2020-04-01,LA,20,0.494712329
2020-03-24,2020-04-02,LA,20,0.37173115
2020-03-25,2020-04-03,LA,20,0.272971932
2020-03-26,2020-04-04,LA,20,0.190567365
2020-03-27,2020-04-05,LA,20,0.113791878
2020-03-28,2020-04-06,LA,20,0.049195989
2020-03-29,2020-04-07,LA,20,0
2020-03-30,2020-04-08,LA,20,0
2020-03-31,2020-04-09,LA,20,0
2020-04-01,2020-04-10,LA,20,0
2020-04-02,2020-04-11,LA,20,0
2020-04-03,2020-04-12,LA,20,0
2020-02-01,2020-02-10,MA,20,0
2020-02-02,2020-02-11,MA,20,0
2020-02-03,2020-02-12,MA,20,0
2020-02-04,2020-02-13,MA,20,0
2020-02-05,2020-02-14,MA,20,0
2020-02-06,2020-02-15,MA,20,0
2020-02-07,2020-02-16,MA,20,0
2020-02-08,2020-02-17,MA,20,0
2020-02-09,2020-02-18,MA,20,0
2020-02-10,2020-02-19,MA,20,0
2020-02-11,2020-02-20,MA,20,0
2020-02-12,2020-02-21,MA,20,0
2020-02-13,2020-02-22,MA,20,0
2020-02-14,2020-02-23,MA,20,0
2020-02-15,2020-02-24,MA,20,0
2020-02-16,2020-02-25,MA,20,0
2020-02-17,2020-02-26,MA,20,0
2020-02-18,2020-02-27,MA,20,0.244519164
2020-02-19,2020-02-28,MA,20,0.506205282
2020-02-20,2020-02-29,MA,20,0.824219275
2020-02-21,2020-03-01,MA,20,1.119432498
2020-02-22,2020-03-02,MA,20,1.170458026
2020-02-23,2020-03-03,MA,20,1.466800236
2020-02-24,2020-03-04,MA,20,1.533264232
2020-02-25,2020-03-05,MA,20,1.866387355
2020-02-26,2020-03-06,MA,20,1.448033734
2020-02-27,2020-03-07,MA,20,1.097149842
2020-02-28,2020-03-08,MA,20,0.787099028
2020-02-29,2020-03-09,MA,20,0.558506473
2020-03-01,2020-03-10,MA,20,0.399239982
2020-03-02,2020-03-11,MA,20,0.31565812
2020-03-03,2020-03-12,MA,20,0.303290779
2020-03-04,2020-03-13,MA,20,0.336916766
2020-03-05,2020-03-14,MA,20,0.406712992
2020-03-06,2020-03-15,MA,20,0.512389838
2020-03-07,2020-03-16,MA,20,0.602893531
2020-03-08,2020-03-17,MA,20,0.755297295
2020-03-09,2020-03-18,MA,20,0.940999159
2020-03-10,2020-03-19,MA,20,1.236890636
2020-03-11,2020-03-20,MA,20,1.294394684
2020-03-12,2020-03-21,MA,20,1.267101511
2020-03-13,2020-03-22,MA,20,1.155253911
2020-03-14,2020-03-23,MA,20,1.000448799
2020-03-15,2020-03-24,MA,20,0.840191694
2020-03-16,2020-03-25,MA,20,0.691241756
2020-03-17,2020-03-26,MA,20,0.559700576
2020-03-18,2020-03-27,MA,20,0.459467532
2020-03-19,2020-03-28,MA,20,0.390574962
2020-03-20,2020-03-29,MA,20,0.339294831
2020-03-21,2020-03-30,MA,20,0.292776829
2020-03-22,2020-03-31,MA,20,0.241638967
2020-03-23,2020-04-01,MA,20,0.187057226
2020-03-24,2020-04-02,MA,20,0.151532676
2020-03-25,2020-04-03,MA,20,0.143937414
2020-03-26,2020-04-04,MA,20,0.147017191
2020-03-27,2020-04-05,MA,20,0.174476418
2020-03-28,2020-04-06,MA,20,0.207139564
2020-03-29,2020-04-07,MA,20,0.1990446
2020-03-30,2020-04-08,MA,20,0.182145621
2020-03-31,2020-04-09,MA,20,0.144116738
2020-04-01,2020-04-10,MA,20,0.10584817
2020-04-02,2020-04-11,MA,20,0.072948041
2020-04-03,2020-04-12,MA,20,0.057379625
2020-03-06,2020-03-15,MD,20,1.120464773
2020-03-07,2020-03-16,MD,20,0.6858183
2020-03-08,2020-03-17,MD,20,0.527124089
2020-03-09,2020-03-18,MD,20,0.459539468
2020-03-10,2020-03-19,MD,20,0.445824933
2020-03-11,2020-03-20,MD,20,0.455933747
2020-03-12,2020-03-21,MD,20,0.487593991
2020-03-13,2020-03-22,MD,20,0.522225916
2020-03-14,2020-03-23,MD,20,0.541588912
2020-03-15,2020-03-24,MD,20,0.598218702
2020-03-16,2020-03-25,MD,20,0.617667433
2020-03-17,2020-03-26,MD,20,0.624182614
2020-03-18,2020-03-27,MD,20,0.611652743
2020-03-19,2020-03-28,MD,20,0.553167053
2020-03-20,2020-03-29,MD,20,0.546901565
2020-03-21,2020-03-30,MD,20,0.489609259
2020-03-22,2020-03-31,MD,20,0.459384856
2020-03-23,2020-04-01,MD,20,0.422199885
2020-03-24,2020-04-02,MD,20,0.397037771
2020-03-25,2020-04-03,MD,20,0.388071606
2020-03-26,2020-04-04,MD,20,0.404257802
2020-03-27,2020-04-05,MD,20,0.41278373
2020-03-28,2020-04-06,MD,20,0.396626988
2020-03-29,2020-04-07,MD,20,0.35384737
2020-03-30,2020-04-08,MD,20,0.280982919
2020-03-31,2020-04-09,MD,20,0.21586028
2020-04-01,2020-04-10,MD,20,0.164428102
2020-04-02,2020-04-11,MD,20,0.126759327
2020-04-03,2020-04-12,MD,20,0.110107558
2020-03-12,2020-03-21,ME,20,0.320520689
2020-03-13,2020-03-22,ME,20,0.353334991
2020-03-14,2020-03-23,ME,20,0.355944648
2020-03-15,2020-03-24,ME,20,0.357475057
2020-03-16,2020-03-25,ME,20,0.404521122
2020-03-17,2020-03-26,ME,20,0.369335936
2020-03-18,2020-03-27,ME,20,0.350905691
2020-03-19,2020-03-28,ME,20,0.343631346
2020-03-20,2020-03-29,ME,20,0.343633717
2020-03-21,2020-03-30,ME,20,0.333892668
2020-03-22,2020-03-31,ME,20,0.315999155
2020-03-23,2020-04-01,ME,20,0.256582834
2020-03-24,2020-04-02,ME,20,0.168450768
2020-03-25,2020-04-03,ME,20,0.111073967
2020-03-26,2020-04-04,ME,20,0.049749575
2020-03-27,2020-04-05,ME,20,0.007644099
2020-03-28,2020-04-06,ME,20,0.040826481
2020-03-29,2020-04-07,ME,20,0.098030569
2020-03-30,2020-04-08,ME,20,0.131253967
2020-03-31,2020-04-09,ME,20,0.123070185
2020-04-01,2020-04-10,ME,20,0.25862167
2020-04-02,2020-04-11,ME,20,0.272272407
2020-04-03,2020-04-12,ME,20,0.240696872
2020-03-10,2020-03-19,MI,20,1.044756645
2020-03-11,2020-03-20,MI,20,0.613009895
2020-03-12,2020-03-21,MI,20,0.460787852
2020-03-13,2020-03-22,MI,20,0.409058301
2020-03-14,2020-03-23,MI,20,0.412599793
2020-03-15,2020-03-24,MI,20,0.426378754
2020-03-16,2020-03-25,MI,20,0.449747058
2020-03-17,2020-03-26,MI,20,0.471469728
2020-03-18,2020-03-27,MI,20,0.490120009
2020-03-19,2020-03-28,MI,20,0.48986681
2020-03-20,2020-03-29,MI,20,0.4889191
2020-03-21,2020-03-30,MI,20,0.483980748
2020-03-22,2020-03-31,MI,20,0.423710562
2020-03-23,2020-04-01,MI,20,0.357432072
2020-03-24,2020-04-02,MI,20,0.298178616
2020-03-25,2020-04-03,MI,20,0.239806047
2020-03-26,2020-04-04,MI,20,0.184568624
2020-03-27,2020-04-05,MI,20,0.139572155
2020-03-28,2020-04-06,MI,20,0.099854253
2020-03-29,2020-04-07,MI,20,0.051710047
2020-03-30,2020-04-08,MI,20,0.013844752
2020-03-31,2020-04-09,MI,20,0
2020-04-01,2020-04-10,MI,20,0
2020-04-02,2020-04-11,MI,20,0
2020-04-03,2020-04-12,MI,20,0.01069397
2020-03-06,2020-03-15,MN,20,0.674066353
2020-03-07,2020-03-16,MN,20,0.624574544
2020-03-08,2020-03-17,MN,20,0.472034822
2020-03-09,2020-03-18,MN,20,0.417732895
2020-03-10,2020-03-19,MN,20,0.405715503
2020-03-11,2020-03-20,MN,20,0.4079294
2020-03-12,2020-03-21,MN,20,0.403435321
2020-03-13,2020-03-22,MN,20,0.407223469
2020-03-14,2020-03-23,MN,20,0.411736933
2020-03-15,2020-03-24,MN,20,0.405021689
2020-03-16,2020-03-25,MN,20,0.391952029
2020-03-17,2020-03-26,MN,20,0.370960674
2020-03-18,2020-03-27,MN,20,0.337403602
2020-03-19,2020-03-28,MN,20,0.284750223
2020-03-20,2020-03-29,MN,20,0.249824334
2020-03-21,2020-03-30,MN,20,0.210364258
2020-03-22,2020-03-31,MN,20,0.19130876
2020-03-23,2020-04-01,MN,20,0.223784899
2020-03-24,2020-04-02,MN,20,0.211407101
2020-03-25,2020-04-03,MN,20,0.202050792
2020-03-26,2020-04-04,MN,20,0.229415
2020-03-27,2020-04-05,MN,20,0.247624682
2020-03-28,2020-04-06,MN,20,0.261380985
2020-03-29,2020-04-07,MN,20,0.297513982
2020-03-30,2020-04-08,MN,20,0.31783353
2020-03-31,2020-04-09,MN,20,0.313407501
2020-04-01,2020-04-10,MN,20,0.296492765
2020-04-02,2020-04-11,MN,20,0.261325135
2020-04-03,2020-04-12,MN,20,0.236208671
2020-03-08,2020-03-17,MO,20,1.599460467
2020-03-09,2020-03-18,MO,20,0.562607578
2020-03-10,2020-03-19,MO,20,0.273909273
2020-03-11,2020-03-20,MO,20,0.346786689
2020-03-12,2020-03-21,MO,20,0.330322736
2020-03-13,2020-03-22,MO,20,0.344120629
2020-03-14,2020-03-23,MO,20,0.406599255
2020-03-15,2020-03-24,MO,20,0.468967183
2020-03-16,2020-03-25,MO,20,0.506872349
2020-03-17,2020-03-26,MO,20,0.53659245
2020-03-18,2020-03-27,MO,20,0.545294999
2020-03-19,2020-03-28,MO,20,0.501208129
2020-03-20,2020-03-29,MO,20,0.471369243
2020-03-21,2020-03-30,MO,20,0.396973218
2020-03-22,2020-03-31,MO,20,0.312454664
2020-03-23,2020-04-01,MO,20,0.257555336
2020-03-24,2020-04-02,MO,20,0.213678068
2020-03-25,2020-04-03,MO,20,0.194972902
2020-03-26,2020-04-04,MO,20,0.1976768
2020-03-27,2020-04-05,MO,20,0.190732226
2020-03-28,2020-04-06,MO,20,0.166288086
2020-03-29,2020-04-07,MO,20,0.102859731
2020-03-30,2020-04-08,MO,20,0.059747174
2020-03-31,2020-04-09,MO,20,0.05687647
2020-04-01,2020-04-10,MO,20,0.053836139
2020-04-02,2020-04-11,MO,20,0.055480844
2020-04-03,2020-04-12,MO,20,0.064401353
2020-03-12,2020-03-21,MS,20,0.616821927
2020-03-13,2020-03-22,MS,20,0.554521301
2020-03-14,2020-03-23,MS,20,0.493163617
2020-03-15,2020-03-24,MS,20,0.456328831
2020-03-16,2020-03-25,MS,20,0.454013854
2020-03-17,2020-03-26,MS,20,0.448711718
2020-03-18,2020-03-27,MS,20,0.441857865
2020-03-19,2020-03-28,MS,20,0.4365813
2020-03-20,2020-03-29,MS,20,0.415581342
2020-03-21,2020-03-30,MS,20,0.407966619
2020-03-22,2020-03-31,MS,20,0.387542518
2020-03-23,2020-04-01,MS,20,0.339999209
2020-03-24,2020-04-02,MS,20,0.281172691
2020-03-25,2020-04-03,MS,20,0.218172832
2020-03-26,2020-04-04,MS,20,0.197031432
2020-03-27,2020-04-05,MS,20,0.15003811
2020-03-28,2020-04-06,MS,20,0.13104338
2020-03-29,2020-04-07,MS,20,0.236451265
2020-03-30,2020-04-08,MS,20,0.231865986
2020-03-31,2020-04-09,MS,20,0.212656169
2020-04-01,2020-04-10,MS,20,0.208924321
2020-04-02,2020-04-11,MS,20,0.207290463
2020-04-03,2020-04-12,MS,20,0.283442114
2020-03-13,2020-03-22,MT,20,0.801983
2020-03-14,2020-03-23,MT,20,0.573792695
2020-03-15,2020-03-24,MT,20,0.422034629
2020-03-16,2020-03-25,MT,20,0.359635304
2020-03-17,2020-03-26,MT,20,0.331169637
2020-03-18,2020-03-27,MT,20,0.311344736
2020-03-19,2020-03-28,MT,20,0.300094289
2020-03-20,2020-03-29,MT,20,0.259349388
2020-03-21,2020-03-30,MT,20,0.226492442
2020-03-22,2020-03-31,MT,20,0.186727455
2020-03-23,2020-04-01,MT,20,0.149361677
2020-03-24,2020-04-02,MT,20,0.083080065
2020-03-25,2020-04-03,MT,20,0.026976167
2020-03-26,2020-04-04,MT,20,0
2020-03-27,2020-04-05,MT,20,0
2020-03-28,2020-04-06,MT,20,0
2020-03-29,2020-04-07,MT,20,0
2020-03-30,2020-04-08,MT,20,0
2020-03-31,2020-04-09,MT,20,0
2020-04-01,2020-04-10,MT,20,0
2020-04-02,2020-04-11,MT,20,0.091614083
2020-04-03,2020-04-12,MT,20,0.099595376
2020-03-03,2020-03-12,NC,20,0.78753291
2020-03-04,2020-03-13,NC,20,0.477866615
2020-03-05,2020-03-14,NC,20,0.270327105
2020-03-06,2020-03-15,NC,20,0.187336065
2020-03-07,2020-03-16,NC,20,0.327533253
2020-03-08,2020-03-17,NC,20,0.347237942
2020-03-09,2020-03-18,NC,20,0.361879721
2020-03-10,2020-03-19,NC,20,0.408962763
2020-03-11,2020-03-20,NC,20,0.459182544
2020-03-12,2020-03-21,NC,20,0.510071008
2020-03-13,2020-03-22,NC,20,0.558752037
2020-03-14,2020-03-23,NC,20,0.583574361
2020-03-15,2020-03-24,NC,20,0.612379865
2020-03-16,2020-03-25,NC,20,0.597956259
2020-03-17,2020-03-26,NC,20,0.497700932
2020-03-18,2020-03-27,NC,20,0.421974083
2020-03-19,2020-03-28,NC,20,0.390491814
2020-03-20,2020-03-29,NC,20,0.323533927
2020-03-21,2020-03-30,NC,20,0.304662918
2020-03-22,2020-03-31,NC,20,0.3020703
2020-03-23,2020-04-01,NC,20,0.274567171
2020-03-24,2020-04-02,NC,20,0.262469851
2020-03-25,2020-04-03,NC,20,0.236727143
2020-03-26,2020-04-04,NC,20,0.209927542
2020-03-27,2020-04-05,NC,20,0.183035523
2020-03-28,2020-04-06,NC,20,0.163250724
2020-03-29,2020-04-07,NC,20,0.162300308
2020-03-30,2020-04-08,NC,20,0.134337638
2020-03-31,2020-04-09,NC,20,0.111150165
2020-04-01,2020-04-10,NC,20,0.059110359
2020-04-02,2020-04-11,NC,20,0.044515281
2020-04-03,2020-04-12,NC,20,0.035024378
2020-03-12,2020-03-21,ND,20,0.343069965
2020-03-13,2020-03-22,ND,20,0.500849036
2020-03-14,2020-03-23,ND,20,0.530305845
2020-03-15,2020-03-24,ND,20,0.477741402
2020-03-16,2020-03-25,ND,20,0.452625998
2020-03-17,2020-03-26,ND,20,0.422213036
2020-03-18,2020-03-27,ND,20,0.407876421
2020-03-19,2020-03-28,ND,20,0.362271589
2020-03-20,2020-03-29,ND,20,0.340854022
2020-03-21,2020-03-30,ND,20,0.338083579
2020-03-22,2020-03-31,ND,20,0.289891609
2020-03-23,2020-04-01,ND,20,0.235011305
2020-03-24,2020-04-02,ND,20,0.195190325
2020-03-25,2020-04-03,ND,20,0.175958063
2020-03-26,2020-04-04,ND,20,0.166036975
2020-03-27,2020-04-05,ND,20,0.13701341
2020-03-28,2020-04-06,ND,20,0.170009881
2020-03-29,2020-04-07,ND,20,0.121626177
2020-03-30,2020-04-08,ND,20,0.119283746
2020-03-31,2020-04-09,ND,20,0.147712275
2020-04-01,2020-04-10,ND,20,0.1983055
2020-04-02,2020-04-11,ND,20,0.202212503
2020-04-03,2020-04-12,ND,20,0.205295496
2020-03-06,2020-03-15,NE,20,0.29308987
2020-03-07,2020-03-16,NE,20,0.316194416
2020-03-08,2020-03-17,NE,20,0.299775125
2020-03-09,2020-03-18,NE,20,0.321140417
2020-03-10,2020-03-19,NE,20,0.277858721
2020-03-11,2020-03-20,NE,20,0.325794334
2020-03-12,2020-03-21,NE,20,0.335366713
2020-03-13,2020-03-22,NE,20,0.427746229
2020-03-14,2020-03-23,NE,20,0.585122288
2020-03-15,2020-03-24,NE,20,0.621440562
2020-03-16,2020-03-25,NE,20,0.647649434
2020-03-17,2020-03-26,NE,20,0.642793715
2020-03-18,2020-03-27,NE,20,0.633346714
2020-03-19,2020-03-28,NE,20,0.635704113
2020-03-20,2020-03-29,NE,20,0.585933094
2020-03-21,2020-03-30,NE,20,0.546006909
2020-03-22,2020-03-31,NE,20,0.478429524
2020-03-23,2020-04-01,NE,20,0.422342142
2020-03-24,2020-04-02,NE,20,0.384471693
2020-03-25,2020-04-03,NE,20,0.367348256
2020-03-26,2020-04-04,NE,20,0.360821361
2020-03-27,2020-04-05,NE,20,0.322909203
2020-03-28,2020-04-06,NE,20,0.307221735
2020-03-29,2020-04-07,NE,20,0.271488492
2020-03-30,2020-04-08,NE,20,0.233762496
2020-03-31,2020-04-09,NE,20,0.1899665
2020-04-01,2020-04-10,NE,20,0.157685402
2020-04-02,2020-04-11,NE,20,0.12814677
2020-04-03,2020-04-12,NE,20,0.098831288
2020-03-02,2020-03-11,NH,20,1.242660257
2020-03-03,2020-03-12,NH,20,0.571404155
2020-03-04,2020-03-13,NH,20,0.303885904
2020-03-05,2020-03-14,NH,20,0.365622637
2020-03-06,2020-03-15,NH,20,0.367926971
2020-03-07,2020-03-16,NH,20,0.382461674
2020-03-08,2020-03-17,NH,20,0.385850329
2020-03-09,2020-03-18,NH,20,0.402121587
2020-03-10,2020-03-19,NH,20,0.427000815
2020-03-11,2020-03-20,NH,20,0.457352549
2020-03-12,2020-03-21,NH,20,0.477926923
2020-03-13,2020-03-22,NH,20,0.49597694
2020-03-14,2020-03-23,NH,20,0.510914693
2020-03-15,2020-03-24,NH,20,0.509653722
2020-03-16,2020-03-25,NH,20,0.515435767
2020-03-17,2020-03-26,NH,20,0.507921168
2020-03-18,2020-03-27,NH,20,0.495147257
2020-03-19,2020-03-28,NH,20,0.495018602
2020-03-20,2020-03-29,NH,20,0.477036072
2020-03-21,2020-03-30,NH,20,0.447139741
2020-03-22,2020-03-31,NH,20,0.407193137
2020-03-23,2020-04-01,NH,20,0.359093904
2020-03-24,2020-04-02,NH,20,0.257643778
2020-03-25,2020-04-03,NH,20,0.184877272
2020-03-26,2020-04-04,NH,20,0.105703651
2020-03-27,2020-04-05,NH,20,0.056163261
2020-03-28,2020-04-06,NH,20,0.027147182
2020-03-29,2020-04-07,NH,20,0.044879634
2020-03-30,2020-04-08,NH,20,0.061454877
2020-03-31,2020-04-09,NH,20,0.086684981
2020-04-01,2020-04-10,NH,20,0.052128743
2020-04-02,2020-04-11,NH,20,0.136766218
2020-04-03,2020-04-12,NH,20,0.167851787
2020-03-05,2020-03-14,NJ,20,1.668512769
2020-03-06,2020-03-15,NJ,20,0.529426409
2020-03-07,2020-03-16,NJ,20,0.228875338
2020-03-08,2020-03-17,NJ,20,0.121889136
2020-03-09,2020-03-18,NJ,20,0.297526639
2020-03-10,2020-03-19,NJ,20,0.326796126
2020-03-11,2020-03-20,NJ,20,0.356359861
2020-03-12,2020-03-21,NJ,20,0.401877244
2020-03-13,2020-03-22,NJ,20,0.485792344
2020-03-14,2020-03-23,NJ,20,0.557349912
2020-03-15,2020-03-24,NJ,20,0.612789494
2020-03-16,2020-03-25,NJ,20,0.643798619
2020-03-17,2020-03-26,NJ,20,0.659960088
2020-03-18,2020-03-27,NJ,20,0.588671046
2020-03-19,2020-03-28,NJ,20,0.522249298
2020-03-20,2020-03-29,NJ,20,0.457097454
2020-03-21,2020-03-30,NJ,20,0.410650177
2020-03-22,2020-03-31,NJ,20,0.361387605
2020-03-23,2020-04-01,NJ,20,0.309181668
2020-03-24,2020-04-02,NJ,20,0.242234801
2020-03-25,2020-04-03,NJ,20,0.171556949
2020-03-26,2020-04-04,NJ,20,0.130079758
2020-03-27,2020-04-05,NJ,20,0.105978783
2020-03-28,2020-04-06,NJ,20,0.081048939
2020-03-29,2020-04-07,NJ,20,0.068971911
2020-03-30,2020-04-08,NJ,20,0.066613513
2020-03-31,2020-04-09,NJ,20,0.043332066
2020-04-01,2020-04-10,NJ,20,0.040270897
2020-04-02,2020-04-11,NJ,20,0.034519095
2020-04-03,2020-04-12,NJ,20,0.045350277
2020-03-11,2020-03-20,NM,20,0.54070372
2020-03-12,2020-03-21,NM,20,0.616071324
2020-03-13,2020-03-22,NM,20,0.61963978
2020-03-14,2020-03-23,NM,20,0.56061597
2020-03-15,2020-03-24,NM,20,0.536734843
2020-03-16,2020-03-25,NM,20,0.508813022
2020-03-17,2020-03-26,NM,20,0.498239195
2020-03-18,2020-03-27,NM,20,0.469318406
2020-03-19,2020-03-28,NM,20,0.450282464
2020-03-20,2020-03-29,NM,20,0.446662233
2020-03-21,2020-03-30,NM,20,0.461316892
2020-03-22,2020-03-31,NM,20,0.446761988
2020-03-23,2020-04-01,NM,20,0.441935197
2020-03-24,2020-04-02,NM,20,0.415628987
2020-03-25,2020-04-03,NM,20,0.392607972
2020-03-26,2020-04-04,NM,20,0.376704146
2020-03-27,2020-04-05,NM,20,0.399413956
2020-03-28,2020-04-06,NM,20,0.342716936
2020-03-29,2020-04-07,NM,20,0.288021338
2020-03-30,2020-04-08,NM,20,0.238866442
2020-03-31,2020-04-09,NM,20,0.168822689
2020-04-01,2020-04-10,NM,20,0.115261272
2020-04-02,2020-04-11,NM,20,0.081681238
2020-04-03,2020-04-12,NM,20,0.121299357
2020-03-05,2020-03-14,NV,20,1.012501879
2020-03-06,2020-03-15,NV,20,0.517881444
2020-03-07,2020-03-16,NV,20,0.318380829
2020-03-08,2020-03-17,NV,20,0.256213567
2020-03-09,2020-03-18,NV,20,0.279968846
2020-03-10,2020-03-19,NV,20,0.338920958
2020-03-11,2020-03-20,NV,20,0.357443204
2020-03-12,2020-03-21,NV,20,0.382278028
2020-03-13,2020-03-22,NV,20,0.424602008
2020-03-14,2020-03-23,NV,20,0.469873731
2020-03-15,2020-03-24,NV,20,0.508453816
2020-03-16,2020-03-25,NV,20,0.520812524
2020-03-17,2020-03-26,NV,20,0.531090339
2020-03-18,2020-03-27,NV,20,0.476289229
2020-03-19,2020-03-28,NV,20,0.41594418
2020-03-20,2020-03-29,NV,20,0.371348925
2020-03-21,2020-03-30,NV,20,0.28370574
2020-03-22,2020-03-31,NV,20,0.224116538
2020-03-23,2020-04-01,NV,20,0.178750468
2020-03-24,2020-04-02,NV,20,0.128173834
2020-03-25,2020-04-03,NV,20,0.128868678
2020-03-26,2020-04-04,NV,20,0.134901143
2020-03-27,2020-04-05,NV,20,0.075223183
2020-03-28,2020-04-06,NV,20,0.04879374
2020-03-29,2020-04-07,NV,20,0.049718549
2020-03-30,2020-04-08,NV,20,0
2020-03-31,2020-04-09,NV,20,0
2020-04-01,2020-04-10,NV,20,0
2020-04-02,2020-04-11,NV,20,0
2020-04-03,2020-04-12,NV,20,0.091837215
2020-03-02,2020-03-11,NY,20,1.586320585
2020-03-03,2020-03-12,NY,20,0.421601585
2020-03-04,2020-03-13,NY,20,0.062927612
2020-03-05,2020-03-14,NY,20,0
2020-03-06,2020-03-15,NY,20,0.222879183
2020-03-07,2020-03-16,NY,20,0.211539294
2020-03-08,2020-03-17,NY,20,0.360629575
2020-03-09,2020-03-18,NY,20,0.437619438
2020-03-10,2020-03-19,NY,20,0.4940179
2020-03-11,2020-03-20,NY,20,0.562502523
2020-03-12,2020-03-21,NY,20,0.609083932
2020-03-13,2020-03-22,NY,20,0.630391708
2020-03-14,2020-03-23,NY,20,0.548960172
2020-03-15,2020-03-24,NY,20,0.456688839
2020-03-16,2020-03-25,NY,20,0.37513896
2020-03-17,2020-03-26,NY,20,0.310017873
2020-03-18,2020-03-27,NY,20,0.266826024
2020-03-19,2020-03-28,NY,20,0.245631041
2020-03-20,2020-03-29,NY,20,0.227402135
2020-03-21,2020-03-30,NY,20,0.233760806
2020-03-22,2020-03-31,NY,20,0.222589516
2020-03-23,2020-04-01,NY,20,0.208702472
2020-03-24,2020-04-02,NY,20,0.176113166
2020-03-25,2020-04-03,NY,20,0.158313266
2020-03-26,2020-04-04,NY,20,0.132877104
2020-03-27,2020-04-05,NY,20,0.11374049
2020-03-28,2020-04-06,NY,20,0.114957834
2020-03-29,2020-04-07,NY,20,0.093913297
2020-03-30,2020-04-08,NY,20,0.075183657
2020-03-31,2020-04-09,NY,20,0.044902393
2020-04-01,2020-04-10,NY,20,0.017326718
2020-04-02,2020-04-11,NY,20,0
2020-04-03,2020-04-12,NY,20,0.014477731
2020-03-09,2020-03-18,OH,20,1.041574776
2020-03-10,2020-03-19,OH,20,0.599310675
2020-03-11,2020-03-20,OH,20,0.435887011
2020-03-12,2020-03-21,OH,20,0.394686334
2020-03-13,2020-03-22,OH,20,0.397893773
2020-03-14,2020-03-23,OH,20,0.409198275
2020-03-15,2020-03-24,OH,20,0.42211068
2020-03-16,2020-03-25,OH,20,0.458793583
2020-03-17,2020-03-26,OH,20,0.474277605
2020-03-18,2020-03-27,OH,20,0.480289826
2020-03-19,2020-03-28,OH,20,0.44556588
2020-03-20,2020-03-29,OH,20,0.403847958
2020-03-21,2020-03-30,OH,20,0.373205909
2020-03-22,2020-03-31,OH,20,0.342944329
2020-03-23,2020-04-01,OH,20,0.294525915
2020-03-24,2020-04-02,OH,20,0.252972113
2020-03-25,2020-04-03,OH,20,0.209312888
2020-03-26,2020-04-04,OH,20,0.171958827
2020-03-27,2020-04-05,OH,20,0.157061976
2020-03-28,2020-04-06,OH,20,0.143299314
2020-03-29,2020-04-07,OH,20,0.126674205
2020-03-30,2020-04-08,OH,20,0.117022965
2020-03-31,2020-04-09,OH,20,0.108062611
2020-04-01,2020-04-10,OH,20,0.123763776
2020-04-02,2020-04-11,OH,20,0.16316323
2020-04-03,2020-04-12,OH,20,0.245583176
2020-03-07,2020-03-16,OK,20,0.901690981
2020-03-08,2020-03-17,OK,20,0.504432983
2020-03-09,2020-03-18,OK,20,0.345815173
2020-03-10,2020-03-19,OK,20,0.272884639
2020-03-11,2020-03-20,OK,20,0.289111862
2020-03-12,2020-03-21,OK,20,0.357503357
2020-03-13,2020-03-22,OK,20,0.379755851
2020-03-14,2020-03-23,OK,20,0.459376388
2020-03-15,2020-03-24,OK,20,0.524325144
2020-03-16,2020-03-25,OK,20,0.554752118
2020-03-17,2020-03-26,OK,20,0.568467878
2020-03-18,2020-03-27,OK,20,0.573432289
2020-03-19,2020-03-28,OK,20,0.572332028
2020-03-20,2020-03-29,OK,20,0.557040278
2020-03-21,2020-03-30,OK,20,0.491351604
2020-03-22,2020-03-31,OK,20,0.4153213
2020-03-23,2020-04-01,OK,20,0.324475045
2020-03-24,2020-04-02,OK,20,0.238850925
2020-03-25,2020-04-03,OK,20,0.179466257
2020-03-26,2020-04-04,OK,20,0.14237975
2020-03-27,2020-04-05,OK,20,0.075813239
2020-03-28,2020-04-06,OK,20,0.087198866
2020-03-29,2020-04-07,OK,20,0.057572558
2020-03-30,2020-04-08,OK,20,0.02554158
2020-03-31,2020-04-09,OK,20,0.005590968
2020-04-01,2020-04-10,OK,20,0.010814637
2020-04-02,2020-04-11,OK,20,0.011551502
2020-04-03,2020-04-12,OK,20,0
2020-02-29,2020-03-09,OR,20,0.544303672
2020-03-01,2020-03-10,OR,20,0.453429228
2020-03-02,2020-03-11,OR,20,0.343439972
2020-03-03,2020-03-12,OR,20,0.264150268
2020-03-04,2020-03-13,OR,20,0.254282589
2020-03-05,2020-03-14,OR,20,0.278048338
2020-03-06,2020-03-15,OR,20,0.320121061
2020-03-07,2020-03-16,OR,20,0.364510495
2020-03-08,2020-03-17,OR,20,0.366516502
2020-03-09,2020-03-18,OR,20,0.409749372
2020-03-10,2020-03-19,OR,20,0.44603075
2020-03-11,2020-03-20,OR,20,0.469130366
2020-03-12,2020-03-21,OR,20,0.491856783
2020-03-13,2020-03-22,OR,20,0.513654545
2020-03-14,2020-03-23,OR,20,0.531932735
2020-03-15,2020-03-24,OR,20,0.546179744
2020-03-16,2020-03-25,OR,20,0.537580612
2020-03-17,2020-03-26,OR,20,0.467404732
2020-03-18,2020-03-27,OR,20,0.377253377
2020-03-19,2020-03-28,OR,20,0.308826387
2020-03-20,2020-03-29,OR,20,0.271345407
2020-03-21,2020-03-30,OR,20,0.238832286
2020-03-22,2020-03-31,OR,20,0.208517445
2020-03-23,2020-04-01,OR,20,0.175168554
2020-03-24,2020-04-02,OR,20,0.122221578
2020-03-25,2020-04-03,OR,20,0.091570531
2020-03-26,2020-04-04,OR,20,0.054717427
2020-03-27,2020-04-05,OR,20,0.060671263
2020-03-28,2020-04-06,OR,20,0.053202576
2020-03-29,2020-04-07,OR,20,0.057391782
2020-03-30,2020-04-08,OR,20,0.051754477
2020-03-31,2020-04-09,OR,20,0.057902522
2020-04-01,2020-04-10,OR,20,0.024754885
2020-04-02,2020-04-11,OR,20,0.017130488
2020-04-03,2020-04-12,OR,20,0
2020-03-06,2020-03-15,PA,20,1.079641278
2020-03-07,2020-03-16,PA,20,0.57700559
2020-03-08,2020-03-17,PA,20,0.355972366
2020-03-09,2020-03-18,PA,20,0.277770667
2020-03-10,2020-03-19,PA,20,0.39306301
2020-03-11,2020-03-20,PA,20,0.426544795
2020-03-12,2020-03-21,PA,20,0.440332683
2020-03-13,2020-03-22,PA,20,0.486993779
2020-03-14,2020-03-23,PA,20,0.568890536
2020-03-15,2020-03-24,PA,20,0.602283609
2020-03-16,2020-03-25,PA,20,0.642746475
2020-03-17,2020-03-26,PA,20,0.655036535
2020-03-18,2020-03-27,PA,20,0.634279246
2020-03-19,2020-03-28,PA,20,0.595713373
2020-03-20,2020-03-29,PA,20,0.573261925
2020-03-21,2020-03-30,PA,20,0.548396019
2020-03-22,2020-03-31,PA,20,0.509073381
2020-03-23,2020-04-01,PA,20,0.461458615
2020-03-24,2020-04-02,PA,20,0.407154089
2020-03-25,2020-04-03,PA,20,0.359922382
2020-03-26,2020-04-04,PA,20,0.321628005
2020-03-27,2020-04-05,PA,20,0.283757224
2020-03-28,2020-04-06,PA,20,0.240510165
2020-03-29,2020-04-07,PA,20,0.194212594
2020-03-30,2020-04-08,PA,20,0.140794751
2020-03-31,2020-04-09,PA,20,0.085192678
2020-04-01,2020-04-10,PA,20,0.038353062
2020-04-02,2020-04-11,PA,20,0.00730784
2020-04-03,2020-04-12,PA,20,0
2020-03-01,2020-03-10,RI,20,1.052339733
2020-03-02,2020-03-11,RI,20,0.746704888
2020-03-03,2020-03-12,RI,20,0.606492763
2020-03-04,2020-03-13,RI,20,0.536674583
2020-03-05,2020-03-14,RI,20,0.516522496
2020-03-06,2020-03-15,RI,20,0.524167176
2020-03-07,2020-03-16,RI,20,0.532483609
2020-03-08,2020-03-17,RI,20,0.560681284
2020-03-09,2020-03-18,RI,20,0.587618505
2020-03-10,2020-03-19,RI,20,0.593804966
2020-03-11,2020-03-20,RI,20,0.600438857
2020-03-12,2020-03-21,RI,20,0.59070811
2020-03-13,2020-03-22,RI,20,0.591611749
2020-03-14,2020-03-23,RI,20,0.591635521
2020-03-15,2020-03-24,RI,20,0.611740259
2020-03-16,2020-03-25,RI,20,0.632617091
2020-03-17,2020-03-26,RI,20,0.647858253
2020-03-18,2020-03-27,RI,20,0.648467695
2020-03-19,2020-03-28,RI,20,0.639262046
2020-03-20,2020-03-29,RI,20,0.538753914
2020-03-21,2020-03-30,RI,20,0.475182035
2020-03-22,2020-03-31,RI,20,0.422771631
2020-03-23,2020-04-01,RI,20,0.414129353
2020-03-24,2020-04-02,RI,20,0.405884509
2020-03-25,2020-04-03,RI,20,0.447169597
2020-03-26,2020-04-04,RI,20,0.492577027
2020-03-27,2020-04-05,RI,20,0.524573186
2020-03-28,2020-04-06,RI,20,0.526776026
2020-03-29,2020-04-07,RI,20,0.493408761
2020-03-30,2020-04-08,RI,20,0.495576846
2020-03-31,2020-04-09,RI,20,0.435225084
2020-04-01,2020-04-10,RI,20,0.365004639
2020-04-02,2020-04-11,RI,20,0.299599701
2020-04-03,2020-04-12,RI,20,0.231598535
2020-03-06,2020-03-15,SC,20,1.130050735
2020-03-07,2020-03-16,SC,20,0.59310395
2020-03-08,2020-03-17,SC,20,0.376810173
2020-03-09,2020-03-18,SC,20,0.354247053
2020-03-10,2020-03-19,SC,20,0.382824664
2020-03-11,2020-03-20,SC,20,0.408131924
2020-03-12,2020-03-21,SC,20,0.420625541
2020-03-13,2020-03-22,SC,20,0.444897746
2020-03-14,2020-03-23,SC,20,0.459660312
2020-03-15,2020-03-24,SC,20,0.471024612
2020-03-16,2020-03-25,SC,20,0.486512621
2020-03-17,2020-03-26,SC,20,0.496115742
2020-03-18,2020-03-27,SC,20,0.503020238
2020-03-19,2020-03-28,SC,20,0.508267544
2020-03-20,2020-03-29,SC,20,0.499691664
2020-03-21,2020-03-30,SC,20,0.457132654
2020-03-22,2020-03-31,SC,20,0.371954085
2020-03-23,2020-04-01,SC,20,0.329871792
2020-03-24,2020-04-02,SC,20,0.255354136
2020-03-25,2020-04-03,SC,20,0.21121879
2020-03-26,2020-04-04,SC,20,0.157449126
2020-03-27,2020-04-05,SC,20,0.135127101
2020-03-28,2020-04-06,SC,20,0.122801725
2020-03-29,2020-04-07,SC,20,0.098820341
2020-03-30,2020-04-08,SC,20,0.075321226
2020-03-31,2020-04-09,SC,20,0.047160428
2020-04-01,2020-04-10,SC,20,0.036276447
2020-04-02,2020-04-11,SC,20,0.052215762
2020-04-03,2020-04-12,SC,20,0.048257213
2020-03-09,2020-03-18,SD,20,0.365478541
2020-03-10,2020-03-19,SD,20,0.855525072
2020-03-11,2020-03-20,SD,20,0.736388884
2020-03-12,2020-03-21,SD,20,0.678890653
2020-03-13,2020-03-22,SD,20,0.659439223
2020-03-14,2020-03-23,SD,20,0.664531316
2020-03-15,2020-03-24,SD,20,0.66903365
2020-03-16,2020-03-25,SD,20,0.660494519
2020-03-17,2020-03-26,SD,20,0.606808314
2020-03-18,2020-03-27,SD,20,0.543075033
2020-03-19,2020-03-28,SD,20,0.545258813
2020-03-20,2020-03-29,SD,20,0.525690224
2020-03-21,2020-03-30,SD,20,0.501751291
2020-03-22,2020-03-31,SD,20,0.510499246
2020-03-23,2020-04-01,SD,20,0.497775862
2020-03-24,2020-04-02,SD,20,0.477394609
2020-03-25,2020-04-03,SD,20,0.510535733
2020-03-26,2020-04-04,SD,20,0.523019949
2020-03-27,2020-04-05,SD,20,0.558652235
2020-03-28,2020-04-06,SD,20,0.573168697
2020-03-29,2020-04-07,SD,20,0.605387623
2020-03-30,2020-04-08,SD,20,0.587883603
2020-03-31,2020-04-09,SD,20,0.53992888
2020-04-01,2020-04-10,SD,20,0.527674089
2020-04-02,2020-04-11,SD,20,0.497023207
2020-04-03,2020-04-12,SD,20,0.4236586
2020-03-05,2020-03-14,TN,20,1.294746521
2020-03-06,2020-03-15,TN,20,0.5221103
2020-03-07,2020-03-16,TN,20,0.270720801
2020-03-08,2020-03-17,TN,20,0.329918177
2020-03-09,2020-03-18,TN,20,0.310135639
2020-03-10,2020-03-19,TN,20,0.322946543
2020-03-11,2020-03-20,TN,20,0.36544303
2020-03-12,2020-03-21,TN,20,0.40630623
2020-03-13,2020-03-22,TN,20,0.441950852
2020-03-14,2020-03-23,TN,20,0.462473938
2020-03-15,2020-03-24,TN,20,0.481453291
2020-03-16,2020-03-25,TN,20,0.487688377
2020-03-17,2020-03-26,TN,20,0.498534106
2020-03-18,2020-03-27,TN,20,0.468674188
2020-03-19,2020-03-28,TN,20,0.432448343
2020-03-20,2020-03-29,TN,20,0.377361586
2020-03-21,2020-03-30,TN,20,0.326597038
2020-03-22,2020-03-31,TN,20,0.262984948
2020-03-23,2020-04-01,TN,20,0.201394839
2020-03-24,2020-04-02,TN,20,0.138712608
2020-03-25,2020-04-03,TN,20,0.105642049
2020-03-26,2020-04-04,TN,20,0.091955617
2020-03-27,2020-04-05,TN,20,0.091147245
2020-03-28,2020-04-06,TN,20,0.069626492
2020-03-29,2020-04-07,TN,20,0.053241091
2020-03-30,2020-04-08,TN,20,0.04484038
2020-03-31,2020-04-09,TN,20,0.068233008
2020-04-01,2020-04-10,TN,20,0.106318212
2020-04-02,2020-04-11,TN,20,0.083315642
2020-04-03,2020-04-12,TN,20,0.075359501
2020-03-05,2020-03-14,TX,20,1.239090442
2020-03-06,2020-03-15,TX,20,0.558078272
2020-03-07,2020-03-16,TX,20,0.292577469
2020-03-08,2020-03-17,TX,20,0.2452781
2020-03-09,2020-03-18,TX,20,0.359146032
2020-03-10,2020-03-19,TX,20,0.369472975
2020-03-11,2020-03-20,TX,20,0.392197861
2020-03-12,2020-03-21,TX,20,0.478876497
2020-03-13,2020-03-22,TX,20,0.556053217
2020-03-14,2020-03-23,TX,20,0.579763478
2020-03-15,2020-03-24,TX,20,0.607579189
2020-03-16,2020-03-25,TX,20,0.579968375
2020-03-17,2020-03-26,TX,20,0.511632964
2020-03-18,2020-03-27,TX,20,0.470491993
2020-03-19,2020-03-28,TX,20,0.465385029
2020-03-20,2020-03-29,TX,20,0.436368074
2020-03-21,2020-03-30,TX,20,0.386504255
2020-03-22,2020-03-31,TX,20,0.327585373
2020-03-23,2020-04-01,TX,20,0.316019929
2020-03-24,2020-04-02,TX,20,0.282999138
2020-03-25,2020-04-03,TX,20,0.278547368
2020-03-26,2020-04-04,TX,20,0.287717112
2020-03-27,2020-04-05,TX,20,0.28913359
2020-03-28,2020-04-06,TX,20,0.269400788
2020-03-29,2020-04-07,TX,20,0.23772961
2020-03-30,2020-04-08,TX,20,0.182688875
2020-03-31,2020-04-09,TX,20,0.123717298
2020-04-01,2020-04-10,TX,20,0.077088873
2020-04-02,2020-04-11,TX,20,0.047620816
2020-04-03,2020-04-12,TX,20,0.042007423
2020-03-07,2020-03-16,UT,20,0.941428221
2020-03-08,2020-03-17,UT,20,0.575970838
2020-03-09,2020-03-18,UT,20,0.428214976
2020-03-10,2020-03-19,UT,20,0.388013114
2020-03-11,2020-03-20,UT,20,0.390002914
2020-03-12,2020-03-21,UT,20,0.397785916
2020-03-13,2020-03-22,UT,20,0.416189583
2020-03-14,2020-03-23,UT,20,0.424884622
2020-03-15,2020-03-24,UT,20,0.445091414
2020-03-16,2020-03-25,UT,20,0.452634707
2020-03-17,2020-03-26,UT,20,0.453410819
2020-03-18,2020-03-27,UT,20,0.421769243
2020-03-19,2020-03-28,UT,20,0.3601062
2020-03-20,2020-03-29,UT,20,0.335884368
2020-03-21,2020-03-30,UT,20,0.31518191
2020-03-22,2020-03-31,UT,20,0.313119068
2020-03-23,2020-04-01,UT,20,0.317389009
2020-03-24,2020-04-02,UT,20,0.264398679
2020-03-25,2020-04-03,UT,20,0.19843848
2020-03-26,2020-04-04,UT,20,0.140234722
2020-03-27,2020-04-05,UT,20,0.096008264
2020-03-28,2020-04-06,UT,20,0.090880878
2020-03-29,2020-04-07,UT,20,0.087058472
2020-03-30,2020-04-08,UT,20,0.069774198
2020-03-31,2020-04-09,UT,20,0.040272613
2020-04-01,2020-04-10,UT,20,0.03041517
2020-04-02,2020-04-11,UT,20,0.006590585
2020-04-03,2020-04-12,UT,20,0.053460562
2020-03-08,2020-03-17,VA,20,0.757027114
2020-03-09,2020-03-18,VA,20,0.622492364
2020-03-10,2020-03-19,VA,20,0.514635412
2020-03-11,2020-03-20,VA,20,0.466264823
2020-03-12,2020-03-21,VA,20,0.463326189
2020-03-13,2020-03-22,VA,20,0.44980142
2020-03-14,2020-03-23,VA,20,0.485270718
2020-03-15,2020-03-24,VA,20,0.517207437
2020-03-16,2020-03-25,VA,20,0.542637113
2020-03-17,2020-03-26,VA,20,0.555740764
2020-03-18,2020-03-27,VA,20,0.566143015
2020-03-19,2020-03-28,VA,20,0.567940745
2020-03-20,2020-03-29,VA,20,0.531672473
2020-03-21,2020-03-30,VA,20,0.499609516
2020-03-22,2020-03-31,VA,20,0.472810992
2020-03-23,2020-04-01,VA,20,0.414295863
2020-03-24,2020-04-02,VA,20,0.370895329
2020-03-25,2020-04-03,VA,20,0.341463578
2020-03-26,2020-04-04,VA,20,0.285916907
2020-03-27,2020-04-05,VA,20,0.300972641
2020-03-28,2020-04-06,VA,20,0.286960317
2020-03-29,2020-04-07,VA,20,0.265733456
2020-03-30,2020-04-08,VA,20,0.227326519
2020-03-31,2020-04-09,VA,20,0.200052756
2020-04-01,2020-04-10,VA,20,0.170756028
2020-04-02,2020-04-11,VA,20,0.145071646
2020-04-03,2020-04-12,VA,20,0.144641857
2020-03-08,2020-03-17,VT,20,1.070142295
2020-03-09,2020-03-18,VT,20,0.595248094
2020-03-10,2020-03-19,VT,20,0.42548324
2020-03-11,2020-03-20,VT,20,0.390601754
2020-03-12,2020-03-21,VT,20,0.379787425
2020-03-13,2020-03-22,VT,20,0.400196697
2020-03-14,2020-03-23,VT,20,0.422388448
2020-03-15,2020-03-24,VT,20,0.446758992
2020-03-16,2020-03-25,VT,20,0.43669398
2020-03-17,2020-03-26,VT,20,0.349409764
2020-03-18,2020-03-27,VT,20,0.290746714
2020-03-19,2020-03-28,VT,20,0.245944236
2020-03-20,2020-03-29,VT,20,0.254687288
2020-03-21,2020-03-30,VT,20,0.291237823
2020-03-22,2020-03-31,VT,20,0.290710834
2020-03-23,2020-04-01,VT,20,0.313433866
2020-03-24,2020-04-02,VT,20,0.285158069
2020-03-25,2020-04-03,VT,20,0.242467433
2020-03-26,2020-04-04,VT,20,0.197712537
2020-03-27,2020-04-05,VT,20,0.139245473
2020-03-28,2020-04-06,VT,20,0.096094833
2020-03-29,2020-04-07,VT,20,0.057112694
2020-03-30,2020-04-08,VT,20,0.015192575
2020-03-31,2020-04-09,VT,20,0
2020-04-01,2020-04-10,VT,20,0
2020-04-02,2020-04-11,VT,20,0
2020-04-03,2020-04-12,VT,20,0
2020-01-22,2020-01-31,WA,20,0.394082535
2020-01-23,2020-02-01,WA,20,0.383258371
2020-01-24,2020-02-02,WA,20,0.126402716
2020-01-25,2020-02-03,WA,20,0
2020-01-26,2020-02-04,WA,20,0
2020-01-27,2020-02-05,WA,20,0
2020-01-28,2020-02-06,WA,20,0
2020-01-29,2020-02-07,WA,20,0
2020-01-30,2020-02-08,WA,20,0
2020-01-31,2020-02-09,WA,20,0
2020-02-01,2020-02-10,WA,20,0
2020-02-02,2020-02-11,WA,20,0
2020-02-03,2020-02-12,WA,20,0
2020-02-04,2020-02-13,WA,20,0
2020-02-05,2020-02-14,WA,20,0
2020-02-06,2020-02-15,WA,20,0
2020-02-07,2020-02-16,WA,20,0
2020-02-08,2020-02-17,WA,20,0
2020-02-09,2020-02-18,WA,20,0
2020-02-10,2020-02-19,WA,20,0
2020-02-11,2020-02-20,WA,20,0
2020-02-12,2020-02-21,WA,20,0
2020-02-13,2020-02-22,WA,20,0
2020-02-14,2020-02-23,WA,20,0.110122565
2020-02-15,2020-02-24,WA,20,0.557739768
2020-02-16,2020-02-25,WA,20,1.046632208
2020-02-17,2020-02-26,WA,20,1.266982338
2020-02-18,2020-02-27,WA,20,1.409050835
2020-02-19,2020-02-28,WA,20,1.143587341
2020-02-20,2020-02-29,WA,20,1.448581324
2020-02-21,2020-03-01,WA,20,1.27504241
2020-02-22,2020-03-02,WA,20,1.116493167
2020-02-23,2020-03-03,WA,20,1.041624058
2020-02-24,2020-03-04,WA,20,1.03140381
2020-02-25,2020-03-05,WA,20,1.070015081
2020-02-26,2020-03-06,WA,20,1.05984915
2020-02-27,2020-03-07,WA,20,0.972817239
2020-02-28,2020-03-08,WA,20,0.844395868
2020-02-29,2020-03-09,WA,20,0.71949097
2020-03-01,2020-03-10,WA,20,0.594439682
2020-03-02,2020-03-11,WA,20,0.492528403
2020-03-03,2020-03-12,WA,20,0.416758536
2020-03-04,2020-03-13,WA,20,0.36619975
2020-03-05,2020-03-14,WA,20,0.348808448
2020-03-06,2020-03-15,WA,20,0.316475722
2020-03-07,2020-03-16,WA,20,0.29866482
2020-03-08,2020-03-17,WA,20,0.273201387
2020-03-09,2020-03-18,WA,20,0.252273775
2020-03-10,2020-03-19,WA,20,0.256774644
2020-03-11,2020-03-20,WA,20,0.26449096
2020-03-12,2020-03-21,WA,20,0.291377079
2020-03-13,2020-03-22,WA,20,0.350559147
2020-03-14,2020-03-23,WA,20,0.391450465
2020-03-15,2020-03-24,WA,20,0.41524518
2020-03-16,2020-03-25,WA,20,0.391972315
2020-03-17,2020-03-26,WA,20,0.323671195
2020-03-18,2020-03-27,WA,20,0.257691821
2020-03-19,2020-03-28,WA,20,0.19058073
2020-03-20,2020-03-29,WA,20,0.124552857
2020-03-21,2020-03-30,WA,20,0.083723241
2020-03-22,2020-03-31,WA,20,0.039539705
2020-03-23,2020-04-01,WA,20,0
2020-03-24,2020-04-02,WA,20,0
2020-03-25,2020-04-03,WA,20,0
2020-03-26,2020-04-04,WA,20,0
2020-03-27,2020-04-05,WA,20,0
2020-03-28,2020-04-06,WA,20,0
2020-03-29,2020-04-07,WA,20,0
2020-03-30,2020-04-08,WA,20,0
2020-03-31,2020-04-09,WA,20,0
2020-04-01,2020-04-10,WA,20,0
2020-04-02,2020-04-11,WA,20,0
2020-04-03,2020-04-12,WA,20,0
2020-03-09,2020-03-18,WI,20,0.764078369
2020-03-10,2020-03-19,WI,20,0.668489043
2020-03-11,2020-03-20,WI,20,0.497188794
2020-03-12,2020-03-21,WI,20,0.435615668
2020-03-13,2020-03-22,WI,20,0.402012789
2020-03-14,2020-03-23,WI,20,0.396055516
2020-03-15,2020-03-24,WI,20,0.399854052
2020-03-16,2020-03-25,WI,20,0.400606322
2020-03-17,2020-03-26,WI,20,0.395028598
2020-03-18,2020-03-27,WI,20,0.357831866
2020-03-19,2020-03-28,WI,20,0.340562637
2020-03-20,2020-03-29,WI,20,0.331215183
2020-03-21,2020-03-30,WI,20,0.332273047
2020-03-22,2020-03-31,WI,20,0.33175175
2020-03-23,2020-04-01,WI,20,0.273823629
2020-03-24,2020-04-02,WI,20,0.218900947
2020-03-25,2020-04-03,WI,20,0.197716514
2020-03-26,2020-04-04,WI,20,0.173073791
2020-03-27,2020-04-05,WI,20,0.155975283
2020-03-28,2020-04-06,WI,20,0.145393038
2020-03-29,2020-04-07,WI,20,0.124181008
2020-03-30,2020-04-08,WI,20,0.094789196
2020-03-31,2020-04-09,WI,20,0.071264428
2020-04-01,2020-04-10,WI,20,0.07509725
2020-04-02,2020-04-11,WI,20,0.085024854
2020-04-03,2020-04-12,WI,20,0.1120461
2020-03-17,2020-03-26,WV,20,0.454338378
2020-03-18,2020-03-27,WV,20,0.396537233
2020-03-19,2020-03-28,WV,20,0.353877027
2020-03-20,2020-03-29,WV,20,0.338655602
2020-03-21,2020-03-30,WV,20,0.334925626
2020-03-22,2020-03-31,WV,20,0.33530836
2020-03-23,2020-04-01,WV,20,0.335255248
2020-03-24,2020-04-02,WV,20,0.381188187
2020-03-25,2020-04-03,WV,20,0.388269352
2020-03-26,2020-04-04,WV,20,0.34370806
2020-03-27,2020-04-05,WV,20,0.388472483
2020-03-28,2020-04-06,WV,20,0.316679554
2020-03-29,2020-04-07,WV,20,0.214116928
2020-03-30,2020-04-08,WV,20,0.131025425
2020-03-31,2020-04-09,WV,20,0.051873752
2020-04-01,2020-04-10,WV,20,0.009223518
2020-04-02,2020-04-11,WV,20,0
2020-04-03,2020-04-12,WV,20,0
2020-03-12,2020-03-21,WY,20,0.449796441
2020-03-13,2020-03-22,WY,20,0.588174271
2020-03-14,2020-03-23,WY,20,0.487618921
2020-03-15,2020-03-24,WY,20,0.427697658
2020-03-16,2020-03-25,WY,20,0.359437163
2020-03-17,2020-03-26,WY,20,0.32588028
2020-03-18,2020-03-27,WY,20,0.319290504
2020-03-19,2020-03-28,WY,20,0.337490289
2020-03-20,2020-03-29,WY,20,0.341456442
2020-03-21,2020-03-30,WY,20,0.350854919
2020-03-22,2020-03-31,WY,20,0.324738005
2020-03-23,2020-04-01,WY,20,0.245456673
2020-03-24,2020-04-02,WY,20,0.188247415
2020-03-25,2020-04-03,WY,20,0.145730171
2020-03-26,2020-04-04,WY,20,0.079293592
2020-03-27,2020-04-05,WY,20,0.069276498
2020-03-28,2020-04-06,WY,20,0.040964974
2020-03-29,2020-04-07,WY,20,0
2020-03-30,2020-04-08,WY,20,0
2020-03-31,2020-04-09,WY,20,0
2020-04-01,2020-04-10,WY,20,0
2020-04-02,2020-04-11,WY,20,0
2020-04-03,2020-04-12,WY,20,0
